CASE_ID,ACCIDENT_YEAR,PROC_DATE,JURIS,COLLISION_DATE,COLLISION_TIME,OFFICER_ID,REPORTING_DISTRICT,DAY_OF_WEEK,CHP_SHIFT,POPULATION,CNTY_CITY_LOC,SPECIAL_COND,BEAT_TYPE,CHP_BEAT_TYPE,CITY_DIVISION_LAPD,CHP_BEAT_CLASS,BEAT_NUMBER,PRIMARY_RD,SECONDARY_RD,DISTANCE,DIRECTION,INTERSECTION,WEATHER_1,WEATHER_2,STATE_HWY_IND,CALTRANS_COUNTY,CALTRANS_DISTRICT,STATE_ROUTE,ROUTE_SUFFIX,POSTMILE_PREFIX,POSTMILE,LOCATION_TYPE,RAMP_INTERSECTION,SIDE_OF_HWY,TOW_AWAY,COLLISION_SEVERITY,NUMBER_KILLED,NUMBER_INJURED,PARTY_COUNT,PRIMARY_COLL_FACTOR,PCF_CODE_OF_VIOL,PCF_VIOL_CATEGORY,PCF_VIOLATION,PCF_VIOL_SUBSECTION,HIT_AND_RUN,TYPE_OF_COLLISION,MVIW,PED_ACTION,ROAD_SURFACE,ROAD_COND_1,ROAD_COND_2,LIGHTING,CONTROL_DEVICE,CHP_ROAD_TYPE,PEDESTRIAN_ACCIDENT,BICYCLE_ACCIDENT,MOTORCYCLE_ACCIDENT,TRUCK_ACCIDENT,NOT_PRIVATE_PROPERTY,ALCOHOL_INVOLVED,STWD_VEHTYPE_AT_FAULT,CHP_VEHTYPE_AT_FAULT,COUNT_SEVERE_INJ,COUNT_VISIBLE_INJ,COUNT_COMPLAINT_PAIN,COUNT_PED_KILLED,COUNT_PED_INJURED,COUNT_BICYCLIST_KILLED,COUNT_BICYCLIST_INJURED,COUNT_MC_KILLED,COUNT_MC_INJURED,PRIMARY_RAMP,SECONDARY_RAMP,LATITUDE,LONGITUDE,COUNTY,CITY,POINT_X,POINT_Y
9260000,2021,2021-06-07,5801,2021-05-02,1651,327,5801,7,5,3,5801,0,0,0,,0,,"F ST","4TH ST",139.00,S,N,A,-,N,,,,,,,,,,Y,3,0,2,2,A,-,09,21801,,N,D,C,A,A,H,-,A,A,0,,,Y,,Y,,A,01,0,1,1,0,0,0,0,0,1,"- ","- ",,,YUBA,MARYSVILLE,-121.59182739257812,39.138561248779297
91453041,2021,2021-04-19,9285,2021-04-09,0155,020070,,5,3,9,5800,0,3,5,,1,002,"OSTROM RD","BRADSHAW RD",4000.00,E,N,A,-,N,,,,,,,,,,Y,3,0,1,1,A,-,01,23152,A,N,F,A,A,A,H,-,D,D,0,,,,,Y,Y,A,01,0,1,0,0,0,0,0,0,0,"- ","- ",39.071441650390625,-121.45465087890625,YUBA,UNINCORPORATED,-121.45429992675781,39.071487426757812
9322820,2021,2021-10-14,5801,2021-09-19,1937,329,,7,5,3,5801,0,0,0,,0,,"B ST","14TH ST",0.00,,Y,A,-,Y,YUB,3,70,-,-,14.870,I,5,E,Y,2,0,1,2,A,-,12,21453,A,N,D,C,A,A,H,-,B,A,0,,,,,Y,,M,96,1,0,0,0,0,0,0,0,0,"- ","- ",,,YUBA,MARYSVILLE,-121.58737182617188,39.150653839111328
91558579,2021,2021-08-30,9285,2021-08-21,0000,020096,,6,3,9,5800,0,1,3,,1,020,"SR-70 SOUTHBOUND","FEATHER RIVER BOULEVARD",2640.00,N,N,A,-,Y,,,,,,,,,,Y,2,0,1,1,A,-,03,22350,,N,H,A,A,A,H,-,C,D,0,,,Y,,Y,,C,02,1,0,0,0,0,0,0,0,1,"- ","- ",39.129238128662109,-121.58499908447266,YUBA,UNINCORPORATED,-121.58380889892578,39.128429412841797
91506661,2021,2021-06-25,9285,2021-06-21,1510,020106,,1,2,9,5800,0,3,5,,1,002,"FEATHER RIVER BLVD.","ELLA AVENUE",845.00,N,N,A,-,N,,,,,,,,,,N,4,0,2,1,A,-,08,22107,,N,E,I,A,A,H,-,A,D,0,,,,,Y,,A,01,0,0,2,0,0,0,0,0,0,"- ","- ",39.071140289306641,-121.57879638671875,YUBA,UNINCORPORATED,-121.57889556884766,39.071659088134766
91475899,2021,2021-05-27,9285,2021-05-10,1500,017393,,1,2,9,5800,0,2,4,,2,081,"MARYSVILLE ROAD","COLLINS LAKE ROAD",1584.00,S,N,A,-,N,,,,,,,,,,Y,4,0,1,2,A,-,03,22350,,N,C,C,A,A,H,-,A,D,0,,,,,Y,,A,01,0,0,1,0,0,0,0,0,0,"- ","- ",39.339839935302734,-121.33740997314453,YUBA,UNINCORPORATED,-121.33786010742188,39.339286804199219
91506600,2021,2021-06-25,9285,2021-06-22,0124,018636,,2,3,9,5800,0,1,3,,1,062,SR-20,"PLANTZ RD",6864.00,W,N,A,-,Y,,,20,,,,,,,Y,4,0,1,1,C,-,18,,,N,E,H,A,A,H,-,D,D,0,,,,,Y,,-,"- ",0,0,1,0,0,0,0,0,0,"- ","- ",39.166458129882812,-121.55861663818359,YUBA,UNINCORPORATED,-121.55868530273438,39.166500091552734
91611049,2021,2021-10-29,9285,2021-10-24,1003,018636,,7,1,9,5800,0,1,3,,1,020,SR-70,"FEATHER RIVER BLVD",511.00,S,N,B,C,Y,,,70,,,,,,,Y,4,0,1,1,A,-,03,22350,,N,E,I,A,B,G,-,A,D,0,,,,,Y,,A,01,0,0,1,0,0,0,0,0,0,"- ","- ",38.980140686035156,-121.54348754882812,YUBA,UNINCORPORATED,-121.54315185546875,38.980152130126953
9301268,2021,2021-08-24,5801,2021-07-31,1412,328,,6,5,3,5801,0,0,0,,0,,"B ST","E 11TH ST",0.00,,Y,A,-,Y,YUB,3,20,-,-,1.397,I,5,E,N,4,0,1,2,A,-,09,21801,A,N,A,C,A,A,H,-,A,D,0,,,,,Y,,A,01,0,0,1,0,0,0,0,0,0,"- ","- ",,,YUBA,MARYSVILLE,-121.58686065673828,39.146781921386719
9287416,2021,2021-07-20,5801,2021-06-20,1826,311,,7,5,3,5801,0,0,0,,0,,"10TH ST","I ST",2100.00,W,N,A,-,Y,YUB,3,20,-,-,0.360,H,-,E,Y,3,0,2,2,A,-,07,21658,,N,B,C,A,A,H,-,A,D,0,,,,,Y,,A,01,0,1,1,0,0,0,0,0,0,"- ","- ",,,YUBA,MARYSVILLE,-121.60198974609375,39.144657135009766
91443914,2021,2021-04-06,9285,2021-03-27,0935,018291,,6,1,9,5800,0,3,5,,1,002,"ASPEN WY","CATALPA ST.",6.00,N,N,A,-,N,,,,,,,,,,Y,3,0,1,2,A,-,09,21801,A,N,D,C,A,A,H,-,A,D,0,,,,,Y,,A,07,0,1,0,0,0,0,0,0,0,"- ","- ",39.107948303222656,-121.56008911132812,YUBA,UNINCORPORATED,-121.56005096435547,39.107868194580078
9387271,2021,2022-01-12,5801,2021-12-27,1315,P217,,1,5,3,5801,0,0,0,,0,5801,"B ST","17TH ST",0.00,,Y,A,-,Y,YUB,3,70,-,-,15.075,I,5,E,N,4,0,1,2,A,-,03,22350,,N,C,C,A,A,H,-,A,D,0,,,,,Y,,D,22,0,0,1,0,0,0,0,0,0,"- ","- ",,,YUBA,MARYSVILLE,-121.587890625,39.153984069824219
91453237,2021,2021-04-19,9285,2021-04-13,1820,019798,,2,2,9,5800,0,2,4,,1,041,"NORTH BEALE ROAD","HAMMONTON SMARTVILLE ROAD",0.00,,Y,B,-,N,,,,,,,,,,Y,3,0,2,2,A,-,12,21453,A,N,D,C,A,A,H,-,A,A,0,,,,,Y,,D,22,0,2,0,0,0,0,0,0,0,"- ","- ",39.127601623535156,-121.55570220947266,YUBA,UNINCORPORATED,-121.55564880371094,39.127651214599609
91464018,2021,2021-05-27,9230,2021-04-17,0030,020425,,6,3,9,5800,0,1,3,,1,081,SR-49,"CREEKSIDE TRAIL",2100.00,S,N,A,-,Y,,,,,,,,,,Y,2,0,1,1,A,-,08,22107,,N,E,8,A,A,H,-,D,D,0,,,,,Y,,A,01,1,0,0,0,0,0,0,0,0,"- ","- ",38.604900360107422,-121.28040313720703,YUBA,UNINCORPORATED,,
91513988,2021,2021-07-06,9285,2021-06-27,1630,020224,,7,2,9,5800,0,3,5,,1,008,"FRENCHTOWN RD","MARYSVILLE RD",600.00,N,N,A,-,N,,,,,,,,,,N,4,0,1,2,A,-,08,22107,,N,B,C,A,A,H,-,A,D,0,,,Y,,Y,,A,01,0,0,1,0,0,0,0,0,1,"- ","- ",39.358188629150391,-121.27892303466797,YUBA,UNINCORPORATED,-121.27902221679688,39.358089447021484
91604096,2021,2021-11-08,9285,2021-10-11,0410,020096,,1,3,9,5800,0,2,4,,1,042,"HAMMONTON SMARTSVILLE RD","LINDA AVENUE",560.00,S,N,B,-,N,,,,,,,,,,N,2,0,1,2,A,-,11,21956,A,F,G,B,E,A,H,-,C,D,0,Y,,,,Y,,N,60,1,0,0,0,1,0,0,0,0,"- ","- ",39.128971099853516,-121.55448913574219,YUBA,UNINCORPORATED,-121.55448913574219,39.129020690917969
91419120,2021,2021-03-02,9285,2021-02-24,0800,018291,,3,1,9,5800,0,3,5,,1,002,"OSTROM RD.","RANCHO RD.",2050.00,E,N,A,-,N,,,,,,,,,,Y,4,0,1,1,A,-,01,23152,A,N,F,I,A,A,H,-,A,D,0,,,,,Y,Y,A,01,0,0,1,0,0,0,0,0,0,"- ","- ",39.07086181640625,-121.5035400390625,YUBA,UNINCORPORATED,-121.50589752197266,39.070793151855469
91539998,2021,2021-08-09,9285,2021-07-31,2045,020106,,6,2,9,5800,0,2,4,,1,042,"HAMMONTON SMARTVILLE RD","HILE AVENUE",0.00,,Y,A,-,N,,,,,,,,,,Y,2,0,1,1,A,-,08,22107,,F,F,A,A,A,H,-,D,D,0,,,Y,,Y,,C,06,1,0,0,0,0,0,0,0,1,"- ","- ",39.132148742675781,-121.55284881591797,YUBA,UNINCORPORATED,-121.55290985107422,39.132160186767578
9280127,2021,2021-06-18,5801,2021-05-30,1639,P217,YUBAC,7,5,3,5801,0,0,0,,0,5801,"10TH ST","CHESTNUT ST",0.00,,Y,A,-,Y,YUB,3,20,-,-,1.320,I,6,E,Y,4,0,1,2,A,-,12,22450,,N,B,C,A,A,H,-,A,A,0,,,,,Y,,A,01,0,0,1,0,0,0,0,0,0,"- ","- ",,,YUBA,MARYSVILLE,-121.58671569824219,39.145458221435547
91510035,2021,2021-11-12,9285,2021-06-13,1715,020096,,7,2,9,5800,0,2,4,,1,041,"NORTH BEALE ROAD","ALBRECHT AVENUE",0.00,,Y,A,-,N,,,,,,,,,,Y,1,1,0,2,A,-,09,21802,A,N,D,C,A,A,H,-,A,D,0,,,Y,,Y,,A,01,0,0,0,0,0,0,0,1,0,"- ","- ",39.127761840820312,-121.54960632324219,YUBA,UNINCORPORATED,-121.54960632324219,39.127769470214844
91545748,2021,2021-08-16,9285,2021-08-07,1700,021920,,6,2,9,5800,0,3,5,,1,002,"LEVEE RD","COUNTRY CLUB RD",5914.00,S,N,A,-,N,,,,,,,,,,N,2,0,1,1,A,-,03,22350,,N,A,I,A,C,H,-,A,D,0,,,,,Y,,A,07,1,0,0,0,0,0,0,0,0,"- ","- ",39.018669128417969,-121.59069061279297,YUBA,UNINCORPORATED,-121.59111022949219,39.019100189208984
91550259,2021,2021-08-20,9285,2021-08-10,0743,015976,,2,1,9,5800,0,3,5,,1,002,"7TH AVE","WESTERN AVE",0.00,,Y,B,-,N,,,,,,,,,,Y,3,0,1,2,A,-,12,22450,A,N,D,C,A,A,H,-,A,A,0,,,,,Y,,A,01,0,1,0,0,0,0,0,0,0,"- ","- ",39.095378875732422,-121.55619049072266,YUBA,UNINCORPORATED,-121.55622863769531,39.095378875732422
91525555,2021,2021-07-21,9285,2021-07-15,1219,015491,,4,1,9,5800,0,1,3,,1,020,"STATE ROUTE 70","ERLE ROAD",2904.00,N,N,A,-,Y,,,70,,,,,,,Y,2,0,1,1,A,-,08,22107,,N,E,8,A,A,H,-,A,D,0,,,,,Y,,D,22,1,0,0,0,0,0,0,0,0,"- ","- ",39.11785888671875,-121.56691741943359,YUBA,UNINCORPORATED,-121.56679534912109,39.118064880371094
91668590,2021,2022-01-03,9285,2021-12-25,1245,020454,,6,1,9,5800,0,2,4,,1,041,"HAMMONTON SMARTVILLE RD","HAMMONTON RD",520.00,W,N,C,-,N,,,,,,,,,,Y,4,0,1,1,A,-,08,22107,,N,E,I,A,B,H,-,A,D,0,,,,,Y,,A,01,0,0,1,0,0,0,0,0,0,"- ","- ",39.161861419677734,-121.45706939697266,YUBA,UNINCORPORATED,-121.56916809082031,39.120010375976562
91478337,2021,2021-05-27,9285,2021-05-16,2015,020454,,7,2,9,5800,0,3,5,,1,002,"BRIDGEPORT WAY","RIVER OAKS DR",132.00,E,N,A,-,N,,,,,,,,,,N,3,0,1,2,A,-,03,22350,,F,D,G,A,A,H,-,A,D,0,,Y,,,Y,,-,99,0,1,0,0,0,0,1,0,0,"- ","- ",,,YUBA,UNINCORPORATED,-121.54958343505859,39.015697479248047
91625161,2021,2021-11-15,9285,2021-10-30,1420,020224,,6,2,9,5800,0,2,4,,2,082,"LA PORTE RD","WILLOW GLEN RD",95.00,W,N,A,-,N,,,,,,,,,,N,2,0,1,1,A,-,08,22107,,N,F,A,A,A,H,-,A,B,0,,,Y,,Y,,C,02,1,0,0,0,0,0,0,0,1,"- ","- ",39.460750579833984,-121.28440856933594,YUBA,UNINCORPORATED,-121.28411102294922,39.461490631103516
91513365,2021,2021-07-06,9285,2021-06-23,0900,018291,,3,1,9,5800,0,2,4,,1,041,"N. BEALE RD.","LINDHURST AVE.",500.00,N,N,A,-,N,,,,,,,,,,N,3,0,1,2,A,-,03,22350,,F,C,C,A,A,H,-,A,A,0,,,,,Y,,D,22,0,1,0,0,0,0,0,0,0,"- ","- ",39.125270843505859,-121.57302093505859,YUBA,UNINCORPORATED,-121.5706787109375,39.125083923339844
91633197,2021,2021-11-23,9285,2021-11-11,1812,018636,,4,2,9,5800,0,3,5,,1,004,"SIMPSON LANE","DAVIS ROAD",582.00,S,N,A,-,N,,,,,,,,,,Y,3,0,1,2,A,-,01,23152,A,N,C,C,A,A,H,-,C,D,0,,,Y,,Y,Y,C,02,0,1,0,0,0,0,0,0,1,"- ","- ",39.141361236572266,-121.57372283935547,YUBA,UNINCORPORATED,-121.57341003417969,39.141330718994141
91418038,2021,2021-03-01,9285,2021-02-19,0739,015491,,5,1,9,5800,0,3,5,,1,002,"FORTY MILE ROAD","STATE ROUTE 65",4900.00,S,N,C,-,N,,,,,,,,,,Y,4,0,1,3,A,-,09,21801,A,N,D,A,A,B,H,-,A,D,0,,,,,Y,,A,01,0,0,1,0,0,0,0,0,0,"- ","- ",39.051460266113281,-121.51553344726562,YUBA,UNINCORPORATED,-121.51423645019531,39.064620971679688
91534769,2021,2021-08-02,9285,2021-07-21,0010,021920,,3,3,9,5800,0,2,4,,1,042,"HAMMSMARTVILLE RD","SOUTH GOLDEN PKWY",9874.00,W,N,A,-,N,,,,,,,,,,Y,2,0,1,1,A,-,08,22107,,N,E,I,A,A,H,-,D,D,0,,,,,Y,,A,01,1,0,0,0,0,0,0,0,0,"- ","- ",38.191200256347656,-121.34989166259766,YUBA,UNINCORPORATED,,
91554125,2021,2021-08-25,9285,2021-08-15,1810,021920,,7,2,9,5800,0,2,4,,1,022,"MCGOWAN PKWY","LARSON ST",170.00,W,N,A,-,N,,,,,,,,,,N,4,0,1,1,A,-,01,23152,A,N,E,I,A,A,H,-,A,D,0,,,,,Y,,A,01,0,0,1,0,0,0,0,0,0,"- ","- ",39.077350616455078,-121.53498840332031,YUBA,UNINCORPORATED,-121.53494262695312,39.077423095703125
91559914,2021,2021-08-31,9285,2021-08-19,1100,015976,,4,1,9,5800,0,3,5,,1,006,"JACK SLOUGH RD","ELLIS RD",6336.00,S,N,B,-,N,,,,,,,,,,Y,3,0,1,1,A,-,08,22107,,N,F,A,A,A,H,-,A,D,0,,,,,Y,,D,22,0,1,0,0,0,0,0,0,0,"- ","- ",39.189811706542969,-121.56970977783203,YUBA,UNINCORPORATED,-121.57109069824219,39.181320190429688
91628437,2021,2021-11-18,9285,2021-11-07,0820,020096,,7,1,9,5800,0,1,3,,1,020,"SR-70 NB","ERLE ROAD",737.00,N,N,A,-,Y,,,,,,,,,,Y,3,0,4,2,A,-,01,23152,F,N,B,C,A,A,H,-,A,D,0,,,,,Y,,A,01,0,3,1,0,0,0,0,0,0,"- ","- ",39.114780426025391,-121.56102752685547,YUBA,UNINCORPORATED,-121.56089782714844,39.114688873291016
91498182,2021,2021-06-16,9285,2021-06-07,2030,019085,,1,2,9,5800,0,3,5,,1,006,RAMIREZ,"FRUITLAND RD",7392.00,S,N,A,-,N,,,,,,,,,,Y,4,0,1,1,A,-,08,22107,,N,E,I,A,A,H,-,B,D,0,,,,,Y,,D,22,0,0,1,0,0,0,0,0,0,"- ","- ",39.274959564208984,-121.52976989746094,YUBA,UNINCORPORATED,-121.52964782714844,39.275711059570312
91584268,2021,2021-09-30,9285,2021-09-17,1040,015976,,5,1,9,5800,0,2,4,,1,041,"NORTH BEALE RD","SILVERWOOD ST",0.00,,Y,B,-,N,,,,,,,,,,Y,3,0,1,2,A,-,09,21804,A,N,D,C,A,A,H,-,A,D,0,,,,,Y,,A,07,0,1,0,0,0,0,0,0,0,"- ","- ",39.1273193359375,-121.56295013427734,YUBA,UNINCORPORATED,-121.56300354003906,39.127372741699219
91586016,2021,2021-10-01,9285,2021-09-26,1334,018986,,7,1,9,5800,0,2,4,,2,025,SR-65,"DRY CREEK LEVEE ROAD",630.00,S,N,A,-,Y,,,65,,,,,,,N,4,0,1,2,A,-,03,22350,,N,C,C,A,A,H,-,A,D,0,,,,,Y,,A,01,0,0,1,0,0,0,0,0,0,"- ","- ",39.021259307861328,-121.44309997558594,YUBA,UNINCORPORATED,-121.44306945800781,39.021308898925781
91409257,2021,2021-02-16,9285,2021-02-09,1902,018636,,2,2,9,5800,0,2,4,,1,042,"HAMMONTON SMARTVILLE RD","BRYDEN RD",891.00,W,N,A,-,N,,,,,,,,,,Y,4,0,3,2,A,-,09,21804,A,N,A,C,A,A,H,-,C,A,0,,,,,Y,,A,01,0,0,3,0,0,0,0,0,0,"- ","- ",39.143890380859375,-121.50772094726562,YUBA,UNINCORPORATED,-121.50773620605469,39.14410400390625
91474979,2021,2021-05-27,9285,2021-05-11,1505,018986,,2,2,9,5800,0,2,4,,1,061,"LOMA RICA RD","PONY EXPRESS TRL",685.00,E,N,A,-,N,,,,,,,,,,Y,3,0,2,1,A,-,08,22107,,N,F,A,A,A,H,-,A,D,0,,,,,Y,,A,07,0,1,1,0,0,0,0,0,0,"- ","- ",39.330791473388672,-121.35559844970703,YUBA,UNINCORPORATED,-121.35563659667969,39.330741882324219
91645054,2021,2021-12-07,9285,2021-11-25,1245,019223,,4,1,9,5800,0,3,5,,1,002,"RIVER OAKS BLVD","SANTA BARBARA WAY",79.00,S,N,A,-,N,,,,,,,,,,Y,3,0,1,1,A,-,08,22107,,N,E,I,A,A,H,-,A,D,0,,,,,Y,Y,D,22,0,1,0,0,0,0,0,0,0,"- ","- ",38.982280731201172,-121.54653930664062,YUBA,UNINCORPORATED,-121.54620361328125,38.982692718505859
9306016,2021,2021-09-08,5802,2021-07-29,1637,1013,5802,4,5,1,5802,0,0,0,,0,,"RT 65","BIG RIVER BR",0.00,,Y,A,-,Y,YUB,3,65,-,R,0.004,H,-,S,Y,4,0,1,2,A,-,07,21658,A,N,A,C,A,A,H,-,A,D,0,,,,Y,Y,,A,07,0,0,1,0,0,0,0,0,0,"- ","- ",,,YUBA,WHEATLAND,-121.41189575195312,39.003147125244141
91400643,2021,2021-02-02,9285,2021-01-22,0815,018291,,5,1,9,5800,0,2,4,,1,042,"HAMMONTON SMARTVILLE RD","HERNWOOD RANCH RD.",200.00,W,N,B,C,N,,,,,,,,,,Y,4,0,1,1,A,-,03,22350,,N,E,I,A,B,H,-,A,D,0,,,,,Y,,A,01,0,0,1,0,0,0,0,0,0,"- ","- ",39.19525146484375,-121.35971832275391,YUBA,UNINCORPORATED,-121.35951995849609,39.195232391357422
91423360,2021,2021-03-09,9285,2021-03-01,0140,021920,,1,3,9,5800,0,1,3,,1,062,"SR-20 W/B","LOMA RICA RD",2112.00,E,N,A,-,Y,,,20,,,,,,W,Y,4,0,1,1,A,-,01,23152,A,N,D,J,A,A,H,-,C,D,0,,,,,Y,,A,01,0,0,1,0,0,0,0,0,0,"- ","- ",39.214111328125,-121.50319671630859,YUBA,UNINCORPORATED,-121.50319671630859,39.214164733886719
91444970,2021,2021-04-07,9285,2021-03-28,0005,020070,,7,3,9,5800,0,3,5,,1,008,"RICES CROSSING RD","CITRON WAY",150.00,S,N,A,-,N,,,,,,,,,,Y,3,0,1,1,A,-,08,22107,,N,E,I,A,A,H,-,D,D,0,,,,,Y,Y,A,01,0,1,0,0,0,0,0,0,0,"- ","- ",39.341560363769531,-121.26790618896484,YUBA,UNINCORPORATED,-121.26815032958984,39.341770172119141
91518360,2021,2021-07-12,9285,2021-07-06,0650,018561,,2,1,9,5800,0,3,5,,1,006,"RAMIREZ ROAD","TANABE RD",1056.00,N,N,A,-,N,,,,,,,,,,Y,3,0,1,1,A,-,08,22107,,N,E,A,A,A,H,-,A,D,0,,,,,Y,,A,01,0,1,0,0,0,0,0,0,0,"- ","- ",39.275840759277344,-121.52964782714844,YUBA,UNINCORPORATED,-121.52960205078125,39.268196105957031
91897792,2021,2022-10-24,9285,2021-03-25,1805,018561,,4,2,9,5800,0,2,4,,2,021,"FEATHER RIVER BLVD","ELLA AVE",310.00,S,N,A,-,N,,,,,,,,,,Y,1,1,1,1,A,-,08,22107,,N,E,I,A,A,H,-,A,D,0,,,,,Y,,A,07,1,0,0,0,0,0,0,0,0,"- ","- ",39.068691253662109,-121.57894897460938,YUBA,UNINCORPORATED,-121.57897186279297,39.068489074707031
91456061,2021,2021-04-22,9285,2021-04-18,1412,018986,,7,2,9,5800,0,2,4,,2,025,SR-65,"DAIRY RD",1080.00,N,N,A,-,Y,,,65,,,,,,,Y,2,0,1,1,A,-,01,23152,A,N,E,I,A,A,H,-,A,D,0,,,,,Y,Y,D,22,1,0,0,0,0,0,0,0,0,"- ","- ",39.028430938720703,-121.45378112792969,YUBA,UNINCORPORATED,-121.45384979248047,39.028331756591797
91535646,2021,2021-08-03,9285,2021-07-26,0027,021460,,1,3,9,5800,0,3,5,,1,004,"FEATHER RIVER BLVD","NORTH BEALE RD",80.00,W,N,A,-,N,,,,,,,,,,N,3,0,1,2,A,-,08,22107,,M,C,G,A,A,H,-,C,A,0,,Y,,,Y,,-,99,0,1,0,0,0,0,1,0,0,"- ","- ",39.12554931640625,-121.57608795166016,YUBA,UNINCORPORATED,-121.57594299316406,39.125522613525391
91448055,2021,2021-11-03,9285,2021-04-01,1245,018291,,4,1,9,5800,0,3,5,,1,006,"VIRGINIA RD.","FRUITLAND RD.",800.00,W,N,A,-,N,,,,,,,,,,Y,3,0,3,1,A,-,08,22107,,N,F,I,A,A,H,-,A,D,0,,,,,Y,,A,07,0,2,1,0,0,0,0,0,0,"- ","- ",39.302021026611328,-121.41857147216797,YUBA,UNINCORPORATED,-121.41781616210938,39.301998138427734
91495322,2021,2021-06-11,9285,2021-06-03,1410,018561,,4,2,9,5800,0,1,3,,1,020,"NORTH BEALE ROAD","N/B SR-70",25.00,S,N,A,-,Y,,,,,,,,,,N,4,0,1,2,A,-,03,22350,,N,C,C,A,A,H,-,A,A,0,,,,,Y,,D,22,0,0,1,0,0,0,0,0,0,"- ","- ",39.129489898681641,-121.58512878417969,YUBA,UNINCORPORATED,-121.58299255371094,39.128284454345703
91527532,2021,2021-07-23,9285,2021-07-16,1255,021920,,5,1,9,5800,0,1,3,,1,020,SR-70,"MCGOWAN PKY",2059.00,N,N,A,-,Y,,,70,,,,,,,N,3,0,2,1,A,-,08,22107,,N,E,I,A,A,H,-,D,D,0,,,,,Y,,A,01,0,2,0,0,0,0,0,0,0,"- ","- ",39.083038330078125,-121.54154968261719,YUBA,UNINCORPORATED,-121.54168701171875,39.083030700683594
91528854,2021,2021-07-26,9285,2021-07-17,1340,018561,,6,1,9,5800,0,1,3,,1,060,SR-70,"RAMIREZ RD",0.00,,Y,A,-,Y,,,70,,,,,,,Y,2,0,5,2,A,-,09,21801,A,N,A,C,A,A,H,-,A,D,0,,,,,Y,,A,01,1,1,3,0,0,0,0,0,0,"- ","- ",39.264560699462891,-121.59731292724609,YUBA,UNINCORPORATED,-121.59729766845703,39.264560699462891
91503097,2021,2021-06-22,9285,2021-06-16,1441,018986,,3,2,9,5800,0,2,4,,1,041,"N BEALE RD N/B","FEATHER RIVER BLVD",70.00,S,N,A,-,N,,,,,,,,,,N,4,0,1,2,A,-,07,21658,A,N,B,C,A,A,H,-,A,A,0,,,,,Y,,A,07,0,0,1,0,0,0,0,0,0,"- ","- ",39.125659942626953,-121.57546997070312,YUBA,UNINCORPORATED,-121.57551574707031,39.125652313232422
91448201,2021,2021-04-12,9285,2021-04-02,0520,020454,,5,3,9,5800,0,1,3,,1,062,"SR-20 E/B","HALLWOOD BLVD",1532.00,E,N,A,-,Y,,,20,,,,,,E,Y,3,0,1,1,A,-,08,22107,,N,E,I,A,A,H,-,D,D,0,,,,,Y,,D,22,0,1,0,0,0,0,0,0,0,"- ","- ",39.207298278808594,-121.51576232910156,YUBA,UNINCORPORATED,-121.51556396484375,39.207244873046875
91476688,2021,2021-05-27,9285,2021-05-18,1350,015491,,2,1,9,5800,0,2,4,,2,021,"FEATHER RIVER BOULEVARD","PLUMAS ARBOGA ROAD",0.00,,Y,A,-,N,,,,,,,,,,Y,3,0,1,2,A,-,09,21801,A,N,D,C,A,A,H,-,A,A,0,,,,,Y,,A,07,0,1,0,0,0,0,0,0,0,"- ","- ",39.054908752441406,-121.57903289794922,YUBA,UNINCORPORATED,-121.57901763916016,39.054931640625