CASE_ID,ACCIDENT_YEAR,PROC_DATE,JURIS,COLLISION_DATE,COLLISION_TIME,OFFICER_ID,REPORTING_DISTRICT,DAY_OF_WEEK,CHP_SHIFT,POPULATION,CNTY_CITY_LOC,SPECIAL_COND,BEAT_TYPE,CHP_BEAT_TYPE,CITY_DIVISION_LAPD,CHP_BEAT_CLASS,BEAT_NUMBER,PRIMARY_RD,SECONDARY_RD,DISTANCE,DIRECTION,INTERSECTION,WEATHER_1,WEATHER_2,STATE_HWY_IND,CALTRANS_COUNTY,CALTRANS_DISTRICT,STATE_ROUTE,ROUTE_SUFFIX,POSTMILE_PREFIX,POSTMILE,LOCATION_TYPE,RAMP_INTERSECTION,SIDE_OF_HWY,TOW_AWAY,COLLISION_SEVERITY,NUMBER_KILLED,NUMBER_INJURED,PARTY_COUNT,PRIMARY_COLL_FACTOR,PCF_CODE_OF_VIOL,PCF_VIOL_CATEGORY,PCF_VIOLATION,PCF_VIOL_SUBSECTION,HIT_AND_RUN,TYPE_OF_COLLISION,MVIW,PED_ACTION,ROAD_SURFACE,ROAD_COND_1,ROAD_COND_2,LIGHTING,CONTROL_DEVICE,CHP_ROAD_TYPE,PEDESTRIAN_ACCIDENT,BICYCLE_ACCIDENT,MOTORCYCLE_ACCIDENT,TRUCK_ACCIDENT,NOT_PRIVATE_PROPERTY,ALCOHOL_INVOLVED,STWD_VEHTYPE_AT_FAULT,CHP_VEHTYPE_AT_FAULT,COUNT_SEVERE_INJ,COUNT_VISIBLE_INJ,COUNT_COMPLAINT_PAIN,COUNT_PED_KILLED,COUNT_PED_INJURED,COUNT_BICYCLIST_KILLED,COUNT_BICYCLIST_INJURED,COUNT_MC_KILLED,COUNT_MC_INJURED,PRIMARY_RAMP,SECONDARY_RAMP,LATITUDE,LONGITUDE,COUNTY,CITY,POINT_X,POINT_Y
91527492,2021,2021-07-23,9285,2021-07-12,2215,017393,,1,3,9,5800,0,3,5,,1,008,"LOS VER JELLES","OLIVERA LN",1074.00,N,N,A,-,N,,,,,,,,,,Y,3,0,1,1,A,-,01,23152,A,N,E,J,A,A,H,-,D,D,0,,,,,Y,Y,A,07,0,1,0,0,0,0,0,0,0,"- ","- ",39.342319488525391,-121.36563873291016,YUBA,UNINCORPORATED,-121.36556243896484,39.342258453369141
9359616,2021,2021-11-16,5801,2021-11-03,1834,312,5801,3,5,3,5801,0,0,0,,0,,"E ST","6TH ST",0.00,,N,A,-,Y,YUB,3,70,-,-,14.460,H,-,W,Y,4,0,1,3,A,-,03,22350,,N,C,C,A,A,H,-,B,A,0,,,,,Y,,D,22,0,0,1,0,0,0,0,0,0,"- ","- ",,,YUBA,MARYSVILLE,-121.59075164794922,39.14105224609375
91653370,2021,2021-12-15,9285,2021-12-08,1750,017393,,3,2,9,5800,0,3,5,,1,008,"FRENCHTOWN ROAD","QUINTARA WAY",2640.00,N,N,B,-,N,,,,,,,,,,Y,3,0,1,1,A,-,08,22107,,N,E,J,A,A,H,-,D,D,0,,,,,Y,,A,01,0,1,0,0,0,0,0,0,0,"- ","- ",39.381500244140625,-121.25800323486328,YUBA,UNINCORPORATED,-121.25823974609375,39.381195068359375
91400807,2021,2021-02-02,9285,2021-01-27,0410,020454,,3,3,9,5800,0,3,5,,1,006,"RAMIREZ RD",SR-70,1509.00,E,N,B,G,N,,,,,,,,,,Y,3,0,1,1,A,-,03,22350,,N,E,I,A,B,H,-,D,D,0,,,,,Y,,A,01,0,1,0,0,0,0,0,0,0,"- ","- ",39.264591217041016,-121.59181976318359,YUBA,UNINCORPORATED,-121.59194183349609,39.264579772949219
91433572,2021,2021-03-23,9285,2021-03-14,1944,018986,,7,2,9,5800,0,1,3,,1,062,SR-20,"LOMA RICA ROAD",125.00,W,N,C,-,Y,,,20,,,,,,,Y,3,0,1,2,A,-,01,23152,A,N,C,C,A,B,H,-,C,A,0,,,,,Y,Y,A,01,0,1,0,0,0,0,0,0,0,"- ","- ",39.214000701904297,-121.51132202148438,YUBA,UNINCORPORATED,-121.51130676269531,39.213958740234375
91578066,2021,2021-09-23,9285,2021-09-19,0905,018986,,7,1,9,5800,0,3,5,,1,006,"TOWNSHIP RD","GALAXY WAY",1960.00,N,N,A,-,N,,,,,,,,,,Y,3,0,1,1,A,-,08,22107,,N,E,I,A,A,H,-,A,D,0,,,,,Y,,D,22,0,1,0,0,0,0,0,0,0,"- ","- ",39.267650604248047,-121.35222625732422,YUBA,UNINCORPORATED,-121.35220336914062,39.267662048339844
91446300,2021,2021-04-08,9285,2021-04-03,1245,018291,,6,1,9,5800,0,2,4,,1,041,"N. BEALE RD.","LINDHURST AVE.",450.00,W,N,A,-,N,,,,,,,,,,N,3,0,2,2,A,-,03,22350,,N,C,C,A,A,H,-,A,A,0,,,,,Y,,A,01,0,2,0,0,0,0,0,0,0,"- ","- ",39.125209808349609,-121.57267761230469,YUBA,UNINCORPORATED,-121.57083892822266,39.125030517578125
91503837,2021,2021-06-23,9285,2021-06-13,0040,020070,,7,3,9,5800,0,3,5,,1,002,"OLIVEHURST AVE","13TH STREET",125.00,N,N,A,-,N,,,,,,,,,,Y,3,0,1,2,A,-,08,22107,,N,C,E,A,A,H,-,C,D,0,,,Y,,Y,Y,C,02,0,1,0,0,0,0,0,0,1,"- ","- ",39.084861755371094,-121.55184173583984,YUBA,UNINCORPORATED,-121.55186462402344,39.08477783203125
91565341,2021,2021-09-08,9285,2021-08-31,2230,020096,,2,3,9,5800,0,3,5,,1,006,"JACK SLOUGH ROAD","ELLIS ROAD",1160.00,N,N,A,-,N,,,,,,,,,,Y,3,0,1,1,A,-,08,22107,,N,E,I,A,A,H,-,D,D,0,,,,,Y,,D,22,0,1,0,0,0,0,0,0,0,"- ","- ",39.201290130615234,-121.56523895263672,YUBA,UNINCORPORATED,-121.56522369384766,39.201229095458984
91636889,2021,2021-11-29,9285,2021-11-17,0720,018291,,3,1,9,5800,0,2,4,,1,042,"HAMMONTON SMARTVILLE RD","LAUGHLIN RD.",3130.00,E,N,A,-,Y,,,,,,,,,,Y,2,0,1,1,A,-,08,22107,,N,E,I,A,A,H,-,A,D,0,,,,,Y,,A,07,1,0,0,0,0,0,0,0,0,"- ","- ",39.184158325195312,-121.38594818115234,YUBA,UNINCORPORATED,,
91423652,2021,2021-03-09,9285,2021-03-04,1228,018291,,4,1,9,5800,0,1,3,,1,060,SR-70,"WOODRUFF LN.",500.00,N,N,A,-,Y,,,70,,,,,,,N,4,0,1,2,A,-,03,22350,,N,C,C,A,A,H,-,A,D,0,,,,,Y,,A,01,0,0,1,0,0,0,0,0,0,"- ","- ",39.221580505371094,-121.601318359375,YUBA,UNINCORPORATED,-121.60130310058594,39.221580505371094
91518343,2021,2021-07-12,9285,2021-07-05,1354,018986,,1,1,9,5800,0,3,5,,1,008,"CHALLENGE CUTOFF ROAD","BUCKEYE DRIVE",2715.00,S,N,A,-,N,,,,,,,,,,Y,3,0,2,1,A,-,08,22107,,N,E,I,A,A,H,-,A,D,0,,,,,Y,,A,01,0,1,1,0,0,0,0,0,0,"- ","- ",39.511180877685547,-121.25737762451172,YUBA,UNINCORPORATED,-121.25746917724609,39.511302947998047
91545792,2021,2021-08-16,9285,2021-08-07,2135,021920,,6,2,9,5800,0,3,5,,1,002,"EDGEWATER CIR","POND VIEW DRIVE",180.00,N,N,A,-,N,,,,,,,,,,N,3,0,1,1,A,-,01,23152,A,M,A,F,A,A,H,-,C,D,0,,,,,Y,Y,A,01,0,1,0,0,0,0,0,0,0,"- ","- ",39.117401123046875,-121.55300140380859,YUBA,UNINCORPORATED,-121.55306243896484,39.117488861083984
9349197,2021,2021-11-04,5801,2021-09-29,1331,302,YUBA,3,5,3,5801,0,0,0,,0,,"11TH ST","F ST",0.00,,Y,A,-,N,,,,,,,,,,Y,3,0,1,3,A,-,09,21802,A,N,F,E,A,A,H,-,A,D,0,,,Y,,Y,,C,02,0,1,0,0,0,0,0,0,1,"- ","- ",,,YUBA,MARYSVILLE,-121.593017578125,39.146797180175781
91573128,2021,2021-09-17,9285,2021-09-11,2210,020096,,6,3,9,5800,0,2,4,,2,081,"MARYSVILLE RD","ANGORA LANE",185.00,N,N,A,-,N,,,,,,,,,,Y,3,0,1,1,A,-,08,22107,,N,F,I,A,A,H,-,D,D,0,,,,,Y,,A,01,0,1,0,0,0,0,0,0,0,"- ","- ",39.358791351318359,-121.32579040527344,YUBA,UNINCORPORATED,-121.32569122314453,39.358684539794922
91610635,2021,2021-10-29,9285,2021-10-21,1948,021012,,4,2,9,5800,0,2,4,,1,022,"OLIVEHURST AVE","13TH STREET",102.00,N,N,B,-,N,,,,,,,,,,Y,3,0,1,1,A,-,01,23152,A,N,E,J,A,A,H,-,D,D,0,,,Y,,Y,Y,C,02,0,1,0,0,0,0,0,0,1,"- ","- ",39.084781646728516,-121.55180358886719,YUBA,UNINCORPORATED,-121.55184936523438,39.084716796875
91612158,2021,2021-11-01,9285,2021-01-16,2317,017393,,6,3,3,5801,0,1,S,,2,901,"B ST","9TH STREET",0.00,,Y,A,-,Y,,,,,,,,,,Y,1,1,1,2,A,-,01,23153,G,F,D,C,A,A,H,-,C,A,0,,,,,Y,Y,A,01,0,1,0,0,0,0,0,0,0,"- ","- ",39.145050048828125,-121.58664703369141,YUBA,MARYSVILLE,-121.58660888671875,39.145015716552734
9367099,2021,2021-11-22,5802,2021-11-07,1722,1009,58021,7,5,1,5802,0,0,0,,0,,"RT 65","4TH ST",0.00,,Y,A,-,Y,YUB,3,65,-,-,0.780,H,-,S,Y,4,0,2,2,A,-,03,22350,,N,C,C,A,A,H,-,B,A,0,,,,,Y,Y,A,01,0,0,2,0,0,0,0,0,0,"- ","- ",39.009479522705078,-121.42507934570312,YUBA,WHEATLAND,-121.54037475585938,39.090908050537109
91536835,2021,2021-08-04,9285,2021-07-28,1900,018475,,3,2,9,5800,0,1,3,,1,051,SR65,"S. BEALE RD",0.00,,Y,A,-,Y,,,65,,,,,,,Y,3,0,1,1,A,-,08,22107,,N,E,8,A,A,H,-,A,D,0,,,,,Y,,A,01,0,1,0,0,0,0,0,0,0,"- ","- ",39.041049957275391,-121.47187805175781,YUBA,UNINCORPORATED,-121.47193908691406,39.040969848632812
91545985,2021,2021-08-16,9285,2021-08-09,0820,016052,,1,1,9,5800,0,3,5,,1,002,"2297 RIVER OAKS BLVD.","PLUMAS LAKE BLVD.",65.00,S,N,A,-,Y,,,,,,,,,,Y,3,0,1,1,A,-,08,22107,,N,E,8,A,A,H,-,A,D,0,,,,,Y,,A,07,0,1,0,0,0,0,0,0,0,"- ","- ",39.020931243896484,-121.54917907714844,YUBA,UNINCORPORATED,-121.55122375488281,39.020145416259766
91565659,2021,2021-09-08,9285,2021-09-01,1640,019830,,3,2,9,5800,0,2,4,,2,021,"PEORIA RD","BALD MOUNTAIN RD",2640.00,S,N,A,-,N,,,,,,,,,,Y,2,0,2,1,A,-,01,23152,F,N,E,I,A,A,H,-,A,D,0,,,,,Y,,A,07,2,0,0,0,0,0,0,0,0,"- ","- ",39.26007080078125,-121.36369323730469,YUBA,UNINCORPORATED,-121.36433410644531,39.260417938232422
91423460,2021,2021-03-09,9285,2021-03-03,2210,020106,,3,3,9,5800,0,3,5,,1,002,"LINDHURST AVE","ERLE RD",2029.00,S,N,A,-,N,,,,,,,,,,N,2,0,1,1,A,-,08,22107,,N,E,I,A,A,H,-,D,D,0,,Y,,,Y,,L,04,1,0,0,0,0,0,1,0,0,"- ","- ",39.108661651611328,-121.55404663085938,YUBA,UNINCORPORATED,-121.55412292480469,39.108806610107422
91463353,2021,2021-05-27,9285,2021-04-25,1403,021460,,7,2,9,5800,0,3,5,,1,002,"ERLE RD",SR-70,250.00,W,N,B,-,N,,,,,,,,,,Y,4,0,1,2,A,-,09,21801,A,N,D,C,A,B,H,-,A,A,0,,,,,Y,,A,01,0,0,1,0,0,0,0,0,0,"- ","- ",39.113170623779297,-121.56041717529297,YUBA,UNINCORPORATED,-121.55998229980469,39.113212585449219
91473684,2021,2021-05-27,9285,2021-05-10,1340,016052,,1,1,9,5800,0,3,5,,1,002,"3317 FORTY MILE ROAD","ROSSER ROAD",3850.00,S,N,A,-,N,,,,,,,,,,Y,4,0,2,2,A,-,09,21801,A,N,D,C,A,A,H,-,A,D,0,,,,,Y,,A,01,0,0,2,0,0,0,0,0,0,"- ","- ",39.052169799804688,-121.51502227783203,YUBA,UNINCORPORATED,-121.51510620117188,39.052139282226562
91550051,2021,2021-08-20,9285,2021-08-11,1530,020106,,3,2,9,5800,0,1,3,,1,020,SR-70,"N. BEALE ROAD",200.00,N,N,A,-,Y,,,70,,,,,,,Y,2,0,1,2,A,-,11,21956,A,N,G,B,E,A,H,-,A,D,0,Y,,,,Y,Y,N,60,1,0,0,0,1,0,0,0,0,"- ","- ",39.12969970703125,-121.58573150634766,YUBA,UNINCORPORATED,-121.58573913574219,39.129684448242188
91573552,2021,2021-09-17,9285,2021-09-03,1850,019223,,5,2,9,5800,0,2,4,,2,021,"FEATHER RIVER BLVD","ISLAND AVE",191.00,S,N,A,-,N,,,,,,,,,,Y,4,0,1,2,A,-,08,22103,,N,D,C,A,A,H,-,A,D,0,,,,,Y,Y,A,01,0,0,1,0,0,0,0,0,0,"- ","- ",39.112098693847656,-121.58193206787109,YUBA,UNINCORPORATED,-121.58190155029297,39.11212158203125
91662242,2021,2021-12-27,9285,2021-12-23,1541,018475,,4,2,9,5800,0,2,4,,2,021,"FEATHER RIVER BLVD","GARDEN AVE.",0.00,,Y,B,C,N,,,,,,,,,,Y,3,0,1,2,A,-,01,23152,A,M,B,C,A,B,H,-,A,A,0,,,,,Y,Y,A,01,0,1,0,0,0,0,0,0,0,"- ","- ",39.123001098632812,-121.57882690429688,YUBA,UNINCORPORATED,-121.57878112792969,39.122962951660156
91469255,2021,2021-05-27,9285,2021-04-28,1728,019223,,3,2,9,5800,0,2,4,,2,025,"SR-65 N/B","S BEALE RD",0.00,,Y,A,-,Y,,,65,,,,,,N,Y,3,0,1,2,A,-,09,21802,A,N,D,C,A,A,H,-,A,A,0,,,,,Y,,D,22,0,1,0,0,0,0,0,0,0,"- ","- ",39.040771484375,-121.47158050537109,YUBA,UNINCORPORATED,-121.47160339355469,39.040733337402344
91580221,2021,2021-09-27,9285,2021-09-19,1145,016052,,7,1,9,5800,0,2,4,,2,025,SR-65,"DRY CREEK LEVEE ROAD",1045.00,S,N,A,-,Y,,,65,,,,,,,Y,3,0,1,2,A,-,03,22350,,N,C,2,A,A,H,-,A,D,0,,,,,Y,,D,22,0,1,0,0,0,0,0,0,0,"- ","- ",39.0206298828125,-121.44193267822266,YUBA,UNINCORPORATED,-121.44192504882812,39.020641326904297
91613550,2021,2021-11-02,9285,2021-10-26,0605,018636,,2,1,9,5800,0,1,3,,1,020,SR-70,"PLUMAS ARBOGA ROAD OVER-CROSSINGQ",4752.00,N,N,B,-,Y,,,70,,,,,,,Y,4,0,2,7,A,-,17,23114,A,M,E,J,A,A,H,-,D,B,0,,,,Y,Y,,-,99,0,0,2,0,0,0,0,0,0,"- ","- ",39.043560028076172,-121.54332733154297,YUBA,UNINCORPORATED,-121.54331207275391,39.043560028076172
91385381,2021,2021-01-11,9285,2021-01-07,0224,021920,,4,3,9,5800,0,3,5,,1,004,"GRIFFTH AVE","HAMMONTON SMARTVILLE RD",496.00,N,N,A,-,N,,,,,,,,,,Y,3,0,2,1,A,-,01,23152,A,N,F,I,A,A,H,-,C,D,0,,,,,Y,Y,A,01,0,2,0,0,0,0,0,0,0,"- ","- ",39.139610290527344,-121.52381134033203,YUBA,UNINCORPORATED,-121.52375793457031,39.139530181884766
91604979,2021,2021-10-25,9285,2021-10-18,2019,018632,,1,2,9,5800,0,1,3,,1,020,"SR-70 N/B","FEATHER RIVER BLVD",425.00,S,N,A,-,Y,,,,,,,,,,Y,3,0,1,1,A,-,03,22350,,N,F,I,A,A,H,-,C,D,0,,,,,Y,,A,01,0,1,0,0,0,0,0,0,0,"- ","- ",39.124019622802734,-121.57560729980469,YUBA,UNINCORPORATED,-121.57584381103516,39.123859405517578
91653804,2021,2021-12-16,9285,2021-11-19,0229,021012,,5,3,9,5800,0,1,3,,1,062,SR-20,"JOINES RD",770.00,W,N,C,-,Y,,,20,,,,,,,Y,1,1,0,1,A,-,08,22107,,N,E,I,A,B,H,-,D,D,0,,,,,Y,,A,01,0,0,0,0,0,0,0,0,0,"- ","- ",39.221229553222656,-121.453369140625,YUBA,UNINCORPORATED,-121.453369140625,39.221183776855469
9367095,2021,2021-11-22,5801,2021-11-08,1733,P217,,1,5,3,5801,0,0,0,,0,,"10TH ST","H ST",0.00,,N,A,-,Y,YUB,3,20,-,-,0.675,I,5,W,Y,4,0,1,2,A,-,08,22101,D,N,D,C,A,A,H,-,C,A,0,,,,,Y,,A,07,0,0,1,0,0,0,0,0,0,"- ","- ",,,YUBA,MARYSVILLE,-121.59658813476562,39.145370483398438
91546014,2021,2021-08-16,9285,2021-08-11,1620,019085,,3,2,9,5800,0,3,5,,1,005,"SIMPSON LANE","SIMPSON DANTONI RD",1320.00,W,N,A,-,N,,,,,,,,,,Y,3,0,2,3,A,-,03,22350,,N,C,C,A,A,H,-,A,D,0,,,,,Y,,A,07,0,2,0,0,0,0,0,0,0,"- ","- ",39.137649536132812,-121.55586242675781,YUBA,UNINCORPORATED,-121.55587768554688,39.137668609619141
91574751,2021,2021-09-20,9285,2021-09-16,0301,018636,,4,3,9,5800,0,1,3,,1,071,SR-99,"CUTTING AVENUE",1346.00,S,N,A,-,Y,,,,,,,,,,Y,4,0,2,2,A,-,08,22107,,N,D,C,A,A,H,-,D,D,0,,,,Y,Y,,A,07,0,0,2,0,0,0,0,0,0,"- ","- ",39.239471435546875,-121.64833068847656,YUBA,UNINCORPORATED,-121.64833831787109,39.239433288574219
9323557,2021,2021-10-15,5801,2021-09-11,1458,329,,6,5,3,5801,0,0,0,,0,,"B ST","12TH ST",0.00,,Y,A,-,N,,,,,,,,,,Y,3,0,1,2,A,-,09,21804,A,N,D,J,A,A,H,-,A,A,0,,,Y,,Y,,A,01,0,1,0,0,0,0,0,0,1,"- ","- ",,,YUBA,MARYSVILLE,-121.58708190917969,39.148433685302734
9339514,2021,2021-10-07,5801,2021-09-10,1144,P217,,5,5,3,5801,0,0,0,,0,,"EAST 17TH ST","BUCHANAN ST",0.00,,Y,A,-,N,,,,,,,,,,Y,4,0,1,3,A,-,12,22450,,N,D,C,A,A,H,-,A,A,0,,,,,Y,,A,01,0,0,1,0,0,0,0,0,0,"- ","- ",,,YUBA,MARYSVILLE,-121.57888793945312,39.154716491699219
91524923,2021,2021-07-20,9285,2021-07-14,1730,017393,,3,2,9,5800,0,3,5,,1,008,"TEXAS HILL RD","GRINDROCK WAY",10.00,E,N,A,-,N,,,,,,,,,,Y,2,0,1,1,A,-,08,22107,,N,E,I,A,A,H,-,A,D,0,,,,,Y,,A,01,1,0,0,0,0,0,0,0,0,"- ","- ",39.364749908447266,-121.21887969970703,YUBA,UNINCORPORATED,-121.21884155273438,39.364765167236328
91451203,2021,2021-04-15,9285,2021-04-09,1102,013174,,5,1,9,5800,0,1,3,,1,020,"SR-70 NORTHBOUND TO LINDHURST AVENUE","LINDHURST AVE",27.00,W,N,A,-,Y,,,,,,,,,,Y,4,0,1,1,A,-,03,22350,,N,F,I,A,A,D,-,A,A,0,,,Y,,Y,,C,02,0,0,1,0,0,0,0,0,1,"- ","- ",39.111400604248047,-121.55671691894531,YUBA,UNINCORPORATED,-121.55827331542969,39.112705230712891
91595578,2021,2021-10-13,9285,2021-10-04,1945,020507,,1,2,9,5800,0,2,4,,1,022,"LINDHURST AVENUE","TULIP ROAD",1100.00,N,N,A,-,N,,,,,,,,,,N,3,0,1,2,A,-,11,21954,A,F,G,B,E,A,H,-,C,D,0,Y,,,,Y,,N,60,0,1,0,0,1,0,0,0,0,"- ","- ",39.107868194580078,-121.55336761474609,YUBA,UNINCORPORATED,-121.55319213867188,39.107704162597656
91393712,2021,2021-01-25,9285,2021-01-17,1904,019223,,7,2,9,5800,0,2,4,,1,041,"NORTH BEALE RD","AVONDALE AVE",357.00,W,N,A,-,N,,,,,,,,,,N,3,0,1,2,A,-,11,21950,B,F,G,B,E,A,H,-,C,D,0,Y,,,,Y,,N,60,0,1,0,0,1,0,0,0,0,"- ","- ",39.125720977783203,-121.56842041015625,YUBA,UNINCORPORATED,-121.56840515136719,39.125774383544922
91513344,2021,2021-07-06,9230,2021-06-24,1717,019235,,4,2,9,5800,0,3,5,,2,080,"MARYSVILLE RD","VISTA POINT RD",528.00,W,N,B,C,N,,,,,,,,,,Y,4,0,2,2,A,-,03,22350,,N,D,C,A,B,H,-,A,A,0,,,,,Y,,A,01,0,0,2,0,0,0,0,0,0,"- ","- ",39.389358520507812,-121.13746643066406,YUBA,UNINCORPORATED,-121.13137054443359,39.396919250488281
91410821,2021,2021-02-18,9285,2021-02-11,1311,015491,,4,1,9,5800,0,3,5,,1,002,"SOPHIA STREET","VALLEY MEADOWS DRIVE",0.00,,Y,C,-,N,,,,,,,,,,N,4,0,1,2,A,-,12,22450,A,N,D,C,A,B,H,-,A,A,0,,,Y,,Y,,C,02,0,0,1,0,0,0,0,0,1,"- ","- ",39.068031311035156,-121.55876922607422,YUBA,UNINCORPORATED,-121.55880737304688,39.068080902099609
9280347,2021,2021-06-28,5801,2021-04-29,1331,326,5801,4,5,3,5801,0,0,0,,0,,"RT 20","BUCHANAN ST",420.00,E,N,-,-,Y,YUB,3,20,-,R,2.060,H,-,W,Y,4,0,1,2,A,-,01,23153,,N,A,C,A,A,-,-,A,D,0,,,,,Y,Y,A,01,0,0,1,0,0,0,0,0,0,"- ","- ",,,YUBA,MARYSVILLE,-121.57735443115234,39.149391174316406
9327272,2021,2021-11-16,5801,2021-10-01,1316,P217,,5,5,3,5801,0,0,0,,0,,"E ST","7TH ST",0.00,,N,A,-,Y,YUB,3,70,-,-,14.570,H,-,E,N,4,0,1,3,A,-,03,22350,,N,C,C,A,A,H,-,A,A,0,,,,,Y,,D,22,0,0,1,0,0,0,0,0,0,"- ","- ",,,YUBA,MARYSVILLE,-121.59086608886719,39.142612457275391
91500589,2021,2021-06-18,9285,2021-06-12,1740,018986,,6,2,9,5800,0,3,5,,1,004,"HAMMONTON ROAD","YUBA GOLDFIELDS TRAILHEAD",800.00,W,N,A,-,N,,,,,,,,,,N,1,1,0,1,A,-,03,22350,,N,F,A,A,A,H,-,A,D,0,,,,,Y,Y,M,96,0,0,0,0,0,0,0,0,0,"- ","- ",39.212841033935547,-121.40039825439453,YUBA,UNINCORPORATED,,
91539953,2021,2021-08-09,9285,2021-07-30,1210,018475,,5,1,9,5800,0,1,3,,1,072,"SR20 E/B","HUMPHREY RD",1000.00,W,N,A,-,Y,,,,,,,,,,Y,2,0,1,1,A,-,08,22107,,N,F,A,A,A,H,-,A,D,0,,,,,Y,,A,01,1,0,0,0,0,0,0,0,0,"- ","- ",39.141948699951172,-121.73229217529297,YUBA,UNINCORPORATED,,
9339391,2021,2021-10-14,5801,2021-09-27,1856,P217,,1,5,3,5801,0,0,0,,0,,"E ST","3RD ST",0.00,,N,A,-,Y,YUB,3,70,-,-,14.250,I,6,W,N,4,0,1,2,A,-,10,21950,A,N,G,B,B,A,H,-,C,A,0,Y,,,,Y,,A,01,0,0,1,0,1,0,0,0,0,"- ","- ",,,YUBA,MARYSVILLE,-121.59034729003906,39.137985229492188
91488549,2021,2021-06-03,9285,2021-05-26,2000,021920,,3,2,9,5800,0,1,3,,1,062,"WILLOW GLEN RD","PINE RIDGE DR",906.00,N,N,A,-,N,,,,,,,,,,N,2,0,2,1,A,-,08,22107,,N,E,J,A,A,H,-,A,D,0,,,,,Y,,A,01,2,0,0,0,0,0,0,0,0,"- ","- ",39.410911560058594,-121.30605316162109,YUBA,UNINCORPORATED,,
91646227,2021,2021-12-08,9285,2021-11-27,1320,018291,,6,1,9,5800,0,3,5,,1,004,"WIGET AVE.","N. BEALE RD.",0.00,,Y,A,-,N,,,,,,,,,,Y,3,0,1,2,A,-,09,21801,A,N,D,C,A,A,H,-,A,A,0,,,,,Y,,A,01,0,1,0,0,0,0,0,0,0,"- ","- ",39.127761840820312,-121.55107116699219,YUBA,UNINCORPORATED,-121.55104064941406,39.127742767333984
9260110,2021,2021-06-07,5801,2021-04-13,0948,328,,2,5,3,5801,0,0,0,,0,,"G ST","10TH ST",0.00,,Y,-,-,N,,,,,,,,,,N,4,0,1,2,A,-,03,22350,,N,G,B,-,A,H,-,A,A,0,Y,,,,Y,,A,01,0,0,1,0,1,0,0,0,0,"- ","- ",,,YUBA,MARYSVILLE,-121.5943603515625,39.145465850830078
91615930,2021,2021-11-04,9285,2021-10-28,1045,018291,,4,1,9,5800,0,2,4,,2,021,"FEATHER RIVER BLVD.","ALICIA AVE",0.00,,Y,A,-,N,,,,,,,,,,Y,3,0,1,2,A,-,12,22450,A,N,D,C,A,A,H,-,A,A,0,,,,,Y,,A,01,0,1,0,0,0,0,0,0,0,"- ","- ",39.119911193847656,-121.58139801025391,YUBA,UNINCORPORATED,-121.58139038085938,39.119922637939453
91655380,2021,2021-12-17,9285,2021-12-05,0150,021920,,7,3,9,5800,0,2,4,,1,042,"HAMMONTONSMARTVILLE RD",SR-20,841.00,S,N,E,-,N,,,,,,,,,,N,4,0,1,1,A,-,01,23152,A,N,E,I,A,B,H,-,D,D,0,,,,,Y,Y,A,01,0,0,1,0,0,0,0,0,0,"- ","- ",39.200439453125,-121.28917694091797,YUBA,UNINCORPORATED,-121.28875732421875,39.200675964355469