CASE_ID,ACCIDENT_YEAR,PROC_DATE,JURIS,COLLISION_DATE,COLLISION_TIME,OFFICER_ID,REPORTING_DISTRICT,DAY_OF_WEEK,CHP_SHIFT,POPULATION,CNTY_CITY_LOC,SPECIAL_COND,BEAT_TYPE,CHP_BEAT_TYPE,CITY_DIVISION_LAPD,CHP_BEAT_CLASS,BEAT_NUMBER,PRIMARY_RD,SECONDARY_RD,DISTANCE,DIRECTION,INTERSECTION,WEATHER_1,WEATHER_2,STATE_HWY_IND,CALTRANS_COUNTY,CALTRANS_DISTRICT,STATE_ROUTE,ROUTE_SUFFIX,POSTMILE_PREFIX,POSTMILE,LOCATION_TYPE,RAMP_INTERSECTION,SIDE_OF_HWY,TOW_AWAY,COLLISION_SEVERITY,NUMBER_KILLED,NUMBER_INJURED,PARTY_COUNT,PRIMARY_COLL_FACTOR,PCF_CODE_OF_VIOL,PCF_VIOL_CATEGORY,PCF_VIOLATION,PCF_VIOL_SUBSECTION,HIT_AND_RUN,TYPE_OF_COLLISION,MVIW,PED_ACTION,ROAD_SURFACE,ROAD_COND_1,ROAD_COND_2,LIGHTING,CONTROL_DEVICE,CHP_ROAD_TYPE,PEDESTRIAN_ACCIDENT,BICYCLE_ACCIDENT,MOTORCYCLE_ACCIDENT,TRUCK_ACCIDENT,NOT_PRIVATE_PROPERTY,ALCOHOL_INVOLVED,STWD_VEHTYPE_AT_FAULT,CHP_VEHTYPE_AT_FAULT,COUNT_SEVERE_INJ,COUNT_VISIBLE_INJ,COUNT_COMPLAINT_PAIN,COUNT_PED_KILLED,COUNT_PED_INJURED,COUNT_BICYCLIST_KILLED,COUNT_BICYCLIST_INJURED,COUNT_MC_KILLED,COUNT_MC_INJURED,PRIMARY_RAMP,SECONDARY_RAMP,LATITUDE,LONGITUDE,COUNTY,CITY,POINT_X,POINT_Y
91580157,2021,2021-09-27,9285,2021-09-17,0745,015976,,5,1,9,5800,0,3,5,,1,004,"GRIFFITH AVE","NORTH BEALE RD.",210.00,S,N,A,-,N,,,,,,,,,,Y,4,0,1,2,A,-,21,22106,,N,A,C,A,A,H,-,A,D,0,,,,,Y,,D,22,0,0,1,0,0,0,0,0,0,"- ","- ",39.127159118652344,-121.52361297607422,YUBA,UNINCORPORATED,-121.52361297607422,39.127655029296875
91499423,2021,2021-06-17,9285,2021-06-06,1730,020224,,7,2,9,5800,0,2,4,,2,081,"MARYSVILLE RD","LEAHS WAY",10.00,N,N,A,-,N,,,,,,,,,,Y,4,0,1,1,A,-,08,22107,,N,F,J,A,A,H,-,A,D,0,,,,,Y,,A,01,0,0,1,0,0,0,0,0,0,"- ","- ",39.346630096435547,-121.33171081542969,YUBA,UNINCORPORATED,-121.33168792724609,39.346622467041016
91488229,2021,2021-06-03,9285,2021-04-30,0455,020070,,5,3,9,5800,0,1,3,,1,020,"STATE ROUTE 70 SOUTHBOUND","FEATHER RIVER BLVD (SOUTH)",1775.00,N,N,A,-,Y,,,,,,,,,,Y,1,1,1,2,A,-,01,23152,F,N,E,I,A,A,H,-,D,D,0,,,,,Y,,A,01,0,1,0,0,0,0,0,0,0,"- ","- ",38.983318328857422,-121.54300689697266,YUBA,UNINCORPORATED,-121.58139801025391,39.126972198486328
91554850,2021,2021-08-26,9285,2021-07-15,2150,020454,,4,2,9,5800,0,1,3,,1,020,"SR-70 S/B","FEATHER RIVER BOULEVARD",744.00,N,N,A,-,Y,,,,,,,,,,Y,1,1,0,2,A,-,07,21658,A,F,B,C,A,A,H,-,D,D,0,,,Y,,Y,,D,22,0,0,0,0,0,0,0,1,0,"- ","- ",39.125679016113281,-121.57936096191406,YUBA,UNINCORPORATED,-121.57854461669922,39.125221252441406
91589242,2021,2021-10-06,9285,2021-09-27,1547,021012,,1,2,9,5800,0,3,5,,1,004,"GROVE AVE","OAK PARK DR",32.00,N,N,A,-,N,,,,,,,,,,N,3,0,1,2,A,-,03,22350,,N,C,C,A,A,H,-,A,D,0,,,,,Y,,A,01,0,1,0,0,0,0,0,0,0,"- ","- ",39.121318817138672,-121.55435180664062,YUBA,UNINCORPORATED,-121.55426788330078,39.121196746826172
91508605,2021,2021-06-29,9285,2021-06-22,2130,020454,,2,2,9,5800,0,2,4,,1,041,"N. BEALE  RD","COLLEGE VIEW DR",200.00,E,N,A,-,N,,,,,,,,,,N,3,0,1,2,A,-,08,22107,,N,B,C,A,A,H,-,C,D,0,,,,,Y,,D,22,0,1,0,0,0,0,0,0,0,"- ","- ",39.128181457519531,-121.53375244140625,YUBA,UNINCORPORATED,-121.53378295898438,39.128116607666016
91615951,2021,2021-11-04,9285,2021-10-28,1803,021012,,4,2,9,5800,0,2,4,,2,025,"SR-65 N/B","DRY CREEK LEVEE RD",963.00,S,N,A,-,Y,,,65,,,,,,N,Y,3,0,3,2,A,-,09,21801,A,N,C,C,A,A,H,-,A,D,0,,,,,Y,,A,01,0,1,2,0,0,0,0,0,0,"- ","- ",39.020801544189453,-121.44210052490234,YUBA,UNINCORPORATED,-121.44212341308594,39.020759582519531
91404185,2021,2021-02-08,9285,2021-02-04,0910,018291,,4,1,9,5800,0,3,5,,1,004,"PARK AVE.","HAMMONTON SMARTVILLE RD",0.00,,Y,A,-,N,,,,,,,,,,Y,3,0,1,2,A,-,09,21802,A,N,D,C,A,A,H,-,A,A,0,,,,,Y,,D,22,0,1,0,0,0,0,0,0,0,"- ","- ",39.125858306884766,-121.55805969238281,YUBA,UNINCORPORATED,-121.55799865722656,39.1258544921875
91445096,2021,2021-04-07,9285,2021-03-29,0621,015976,,1,1,9,5800,0,1,3,,1,060,SR-70,"CHANDLER RD",40.00,N,N,A,-,Y,,,70,,,,,,,Y,1,2,0,3,A,-,08,22107,,N,A,C,A,A,H,-,C,D,0,,,,,Y,,D,22,0,0,0,0,0,0,0,0,0,"- ","- ",39.291770935058594,-121.59500885009766,YUBA,UNINCORPORATED,-121.59493255615234,39.291770935058594
91574220,2021,2021-09-20,9285,2021-09-11,1728,020507,,6,2,9,5800,0,3,5,,1,006,"6121 ALBERTA AVE","HAMMONTON SMARTVILLE RD",1400.00,S,N,A,-,N,,,,,,,,,,Y,2,0,1,2,A,-,01,23152,A,N,B,C,A,A,H,-,A,D,0,,,,,Y,Y,A,07,1,0,0,0,0,0,0,0,0,"- ","- ",39.132129669189453,-121.53057861328125,YUBA,UNINCORPORATED,-121.53065490722656,39.132114410400391
91660496,2021,2021-12-23,9285,2021-12-17,1820,020070,,5,2,9,5800,0,3,5,,1,004,"SIMPSON LN","HAMMONTON SMARTVILLE RD",15.00,N,N,A,-,N,,,,,,,,,,Y,3,0,2,2,A,-,03,22350,,N,C,C,A,A,H,-,C,D,0,,,,,Y,,A,01,0,1,1,0,0,0,0,0,0,"- ","- ",39.1343994140625,-121.55226898193359,YUBA,UNINCORPORATED,-121.55201721191406,39.134437561035156
91513339,2021,2021-07-06,9230,2021-06-19,1145,020224,,6,1,9,5800,0,3,5,,2,080,"MARYSVILLE RD","VISTA POINT RD",2640.00,W,N,A,-,N,,,,,,,,,,Y,3,0,1,1,A,-,08,22107,,N,F,A,A,A,H,-,A,D,0,,,Y,,Y,,C,02,0,1,0,0,0,0,0,0,1,"- ","- ",39.390048980712891,-121.13607025146484,YUBA,UNINCORPORATED,-121.13137054443359,39.396919250488281
91537395,2021,2021-08-05,9285,2021-07-30,1440,018291,,5,2,9,5800,0,2,4,,1,061,"MARYSVILLE RD","DOLAN HARDING RD.",1000.00,S,N,A,-,N,,,,,,,,,,Y,3,0,1,1,A,-,08,22107,,N,E,I,A,A,H,-,A,D,0,,,,,Y,,A,01,0,1,0,0,0,0,0,0,0,"- ","- ",39.318260192871094,-121.34909820556641,YUBA,UNINCORPORATED,-121.34842681884766,39.318569183349609
9280181,2021,2021-06-21,5802,2021-05-31,1941,1013,5802,1,5,1,5802,0,0,0,,0,,"RT 65","STATE ST",0.00,,-,A,-,Y,YUB,3,65,-,R,0.200,H,-,S,N,4,0,3,2,A,-,03,22350,,N,C,C,A,A,H,-,B,D,0,,,,,Y,,A,07,0,0,3,0,0,0,0,0,0,"- ","- ",39.003589630126953,-121.41251373291016,YUBA,WHEATLAND,-121.41531372070312,39.005191802978516
91443931,2021,2021-05-10,9285,2021-03-26,1730,019223,,5,2,9,5800,0,3,5,,1,002,"FEATHER RIVER BLVD",SR-70,29.00,W,N,A,-,N,,,,,,,,,,Y,4,0,2,2,A,-,09,21801,A,N,D,C,A,A,H,-,A,A,0,,,,,Y,,A,01,0,0,2,0,0,0,0,0,0,"- ","- ",39.124259948730469,-121.57729339599609,YUBA,UNINCORPORATED,-121.57694244384766,39.124622344970703
91487631,2021,2021-06-02,9285,2021-05-23,1407,018986,,7,2,9,5800,0,1,3,,1,020,"SR70 S/B TO OLIVEHURST AVE.","OLIVEHURST AVE",3.00,N,N,A,-,Y,,,,,,,,,,N,4,0,2,2,A,-,03,22350,,F,C,C,A,A,H,-,A,A,0,,,Y,,Y,,-,99,0,0,2,0,0,0,0,0,2,"- ","- ",39.102020263671875,-121.55095672607422,YUBA,UNINCORPORATED,-121.55082702636719,39.102638244628906
91490804,2021,2021-06-07,9285,2021-05-31,0215,021025,,1,3,9,5800,0,3,5,,1,004,"RUPERT AVE","POND VIEW DR",145.00,S,N,A,-,N,,,,,,,,,,Y,3,0,1,1,A,-,01,23152,F,N,E,I,A,A,H,-,C,D,0,,,,,Y,,A,01,0,1,0,0,0,0,0,0,0,"- ","- ",39.117721557617188,-121.55940246582031,YUBA,UNINCORPORATED,-121.55950164794922,39.117759704589844
91554096,2021,2021-08-25,9285,2021-08-17,1605,021920,,2,2,9,5800,0,2,4,,1,022,"MCGOWAN PKWY","LARSON ST",160.00,W,N,A,-,N,,,,,,,,,,N,3,0,1,2,A,-,03,22350,,N,C,D,A,A,H,-,A,D,0,,,,,Y,Y,A,01,0,1,0,0,0,0,0,0,0,"- ","- ",39.077411651611328,-121.53502655029297,YUBA,UNINCORPORATED,-121.53490447998047,39.077426910400391
91617127,2021,2021-11-05,9230,2021-11-02,1025,018107,,2,1,9,5800,0,1,3,,1,081,SR-49,"MARYSVILLE ROAD",3960.00,S,N,B,-,Y,,,49,,,,,,,Y,3,0,1,1,A,-,08,22107,,N,E,J,A,B,H,-,A,D,0,,,,,Y,,D,22,0,1,0,0,0,0,0,0,0,"- ","- ",39.430130004882812,-121.07521820068359,YUBA,UNINCORPORATED,-121.07520294189453,39.430141448974609
91653792,2021,2021-12-16,9285,2021-12-13,1445,018986,,1,2,9,5800,0,2,4,,1,041,"N BEALE ROAD","WOOD LANE",40.00,E,N,C,-,N,,,,,,,,,,Y,3,0,1,2,A,-,01,23152,A,N,B,C,A,B,H,-,A,D,0,,,,Y,Y,Y,A,01,0,1,0,0,0,0,0,0,0,"- ","- ",39.128311157226562,-121.51837921142578,YUBA,UNINCORPORATED,-121.51835632324219,39.128299713134766
91412078,2021,2021-02-22,9285,2021-02-14,0719,015491,,7,1,9,5800,0,3,5,,1,002,"RANCHO ROAD","VIRGINIA ROAD",2000.00,N,N,A,-,N,,,,,,,,,,Y,3,0,1,1,A,-,01,23152,A,N,E,I,A,A,H,-,B,D,0,,,,,Y,Y,A,01,0,1,0,0,0,0,0,0,0,"- ","- ",39.055419921875,-121.49263000488281,YUBA,UNINCORPORATED,-121.49227905273438,39.055198669433594
9271823,2021,2021-06-11,5802,2021-05-17,2016,611,5802,1,5,1,5802,0,0,0,,0,,"EVERGREEN DR","ROSE AV",0.00,,Y,A,-,N,,,,,,,,,,N,3,0,1,3,A,-,00,20001,A,F,G,B,B,A,H,-,B,D,0,Y,,,,Y,,A,08,0,1,0,0,1,0,0,0,0,"- ","- ",,,YUBA,WHEATLAND,-121.43623352050781,39.015800476074219
91490758,2021,2021-06-07,9285,2021-05-28,1840,019223,,5,2,9,5800,0,1,3,,1,060,SR-70,"MAYER RD",21.00,S,N,A,-,Y,,,70,,,,,,,N,3,0,1,1,C,-,18,,,N,H,A,A,A,H,-,A,D,0,,,Y,,Y,,-,"- ",0,1,0,0,0,0,0,0,1,"- ","- ",39.186981201171875,-121.59387969970703,YUBA,UNINCORPORATED,-121.59391021728516,39.186969757080078
91554118,2021,2021-08-25,9285,2021-08-16,1325,015976,,1,1,9,5800,0,3,5,,1,004,"EDGEWATER CIR.","NORTH FORK WAY",82.00,S,N,B,-,N,,,,,,,,,,N,3,0,1,1,A,-,08,22107,,N,E,I,A,A,H,-,A,D,0,,,Y,,Y,,C,02,0,1,0,0,0,0,0,0,1,"- ","- ",39.116851806640625,-121.54524993896484,YUBA,UNINCORPORATED,-121.54524230957031,39.116764068603516
91554144,2021,2021-08-25,9285,2021-08-20,1630,021920,,5,2,9,5800,0,2,4,,2,021,"SR-70 N/B","FEATHER RIVER BLVD",1214.00,S,N,A,-,Y,,,,,,,,,,N,4,0,1,2,A,-,03,22350,,N,C,C,A,A,H,-,A,D,0,,,,,Y,,A,01,0,0,1,0,0,0,0,0,0,"- ","- ",39.122459411621094,-121.57366180419922,YUBA,UNINCORPORATED,-121.57368469238281,39.122493743896484
91453120,2021,2021-04-19,9285,2021-04-12,0210,020106,,1,3,9,5800,0,3,5,,1,002,"FORTY MILE RD","ROSSER ROAD",3960.00,S,N,A,-,N,,,,,,,,,,Y,4,0,2,2,A,-,21,22106,,N,D,C,A,A,H,-,C,D,0,,,,,Y,,A,01,0,0,2,0,0,0,0,0,0,"- ","- ",39.052070617675781,-121.51506805419922,YUBA,UNINCORPORATED,-121.51510620117188,39.051837921142578
91517024,2021,2021-07-09,9285,2021-07-02,1710,020070,,5,2,9,5800,0,3,5,,1,008,"FORBESTOWN RD","LA PORTE RD",2500.00,W,N,A,-,N,,,,,,,,,,Y,4,0,1,2,A,-,05,21650,,N,A,C,A,A,H,-,A,D,0,,,,,Y,,A,01,0,0,1,0,0,0,0,0,0,"- ","- ",39.510578155517578,-121.20523071289062,YUBA,UNINCORPORATED,-121.20542144775391,39.510494232177734
9365262,2021,2021-12-16,5801,2021-11-28,1242,328,,7,5,3,5801,0,0,0,,0,,"E ST","10TH ST",0.00,,Y,A,-,N,,,,,,,,,,Y,2,0,1,2,A,-,09,21802,A,N,D,C,A,A,H,-,A,D,0,,,Y,,Y,,-,"- ",1,0,0,0,0,0,0,0,1,"- ","- ",,,YUBA,MARYSVILLE,-121.59121704101562,39.145069122314453
91519335,2021,2021-07-13,9285,2021-07-08,0750,016052,,4,1,9,5800,0,1,3,,1,060,SR-70,"CHANDLER ROAD",25.00,N,N,A,-,Y,,,70,,,,,,,Y,3,0,1,1,A,-,03,22350,,N,F,A,A,A,H,-,A,D,0,,,Y,,Y,,C,02,0,1,0,0,0,0,0,0,1,"- ","- ",39.292110443115234,-121.59503936767578,YUBA,UNINCORPORATED,-121.59494018554688,39.2921142578125
91487740,2021,2021-06-02,9285,2021-05-22,0833,015491,,6,1,9,5800,0,2,4,,1,041,"NORTH BEALE ROAD","LINDHURST AVENUE",80.00,E,N,A,-,N,,,,,,,,,,Y,3,0,1,1,C,-,18,,,N,E,I,A,A,H,-,A,D,0,,,,,Y,,-,"- ",0,1,0,0,0,0,0,0,0,"- ","- ",39.124820709228516,-121.57084655761719,YUBA,UNINCORPORATED,-121.57086181640625,39.124759674072266
91572383,2021,2021-09-16,9285,2021-09-11,0707,018986,,6,1,9,5800,0,2,4,,1,041,"N BEALE ROAD","FEATHER RIVER BLVD",200.00,S,N,A,-,N,,,,,,,,,,N,4,0,1,2,A,-,09,21804,A,N,D,G,A,A,H,-,A,D,0,,Y,,,Y,,D,22,0,0,1,0,0,0,1,0,0,"- ","- ",39.125679016113281,-121.57504272460938,YUBA,UNINCORPORATED,-121.5750732421875,39.125576019287109
91474566,2021,2021-05-27,9285,2021-05-04,1159,015491,,2,1,9,5800,0,1,3,,1,020,"STATE ROUTE 70","OLIVEHURST AVENUE OVERCROSSING",2600.00,S,N,A,-,Y,,,70,,,,,,,Y,1,2,0,2,A,-,08,22107,,N,B,C,A,A,H,-,A,D,0,,,,,Y,,A,01,0,0,0,0,0,0,0,0,0,"- ","- ",39.097061157226562,-121.54412078857422,YUBA,UNINCORPORATED,-121.54422760009766,39.096969604492188
91488489,2021,2021-06-03,9285,2021-05-23,0540,020070,,7,3,9,5800,0,3,5,,1,002,"BAYWOOD WAY","FALL RIVER DR",50.00,N,N,A,-,N,,,,,,,,,,Y,4,0,1,2,A,-,08,22107,,N,C,E,A,A,H,-,B,D,0,,,,,Y,,A,01,0,0,1,0,0,0,0,0,0,"- ","- ",39.119091033935547,-121.54705047607422,YUBA,UNINCORPORATED,-121.54706573486328,39.119068145751953
91570982,2021,2021-09-15,9285,2021-09-04,0709,018986,,6,1,9,5800,0,3,5,,1,006,"RAMIREZ ROAD","FRUITLAND RD",2030.00,S,N,A,-,N,,,,,,,,,,Y,2,0,1,1,A,-,08,22107,,F,E,I,A,A,H,-,A,D,0,,,,,Y,,A,07,1,0,0,0,0,0,0,0,0,"- ","- ",39.288959503173828,-121.52168273925781,YUBA,UNINCORPORATED,-121.52164459228516,39.289039611816406
91560705,2021,2021-09-01,9285,2021-08-27,2230,021460,,5,3,9,5800,0,3,5,,1,002,"WHEATLAND RD","OAKLEY LN",3420.00,W,N,A,-,N,,,,,,,,,,N,3,0,1,1,A,-,01,23152,A,M,E,I,A,A,H,-,D,A,0,,,,,Y,Y,A,01,0,1,0,0,0,0,0,0,0,"- ","- ",39.000381469726562,-121.45558929443359,YUBA,UNINCORPORATED,-121.4554443359375,39.000415802001953
9379218,2021,2022-01-12,5801,2021-12-04,1912,312,5801,6,5,3,5801,0,0,0,,0,,"9TH ST","D ST",45.00,E,N,-,-,Y,YUB,3,20,-,-,1.090,H,-,E,N,4,0,1,2,A,-,03,22350,,N,C,C,A,A,H,-,C,A,0,,,,,Y,,A,01,0,0,1,0,0,0,0,0,0,"- ","- ",,,YUBA,MARYSVILLE,-121.59017944335938,39.144748687744141
91571362,2021,2021-09-15,9285,2021-09-07,0620,015976,,2,1,9,5800,0,2,4,,1,061,"LOMA RICA RD","IOWA CITY RD",2640.00,S,N,A,-,N,,,,,,,,,,N,3,0,1,2,D,-,00,,,N,B,C,A,A,H,-,B,D,0,,,,,Y,,-,"- ",0,1,0,0,0,0,0,0,0,"- ","- ",39.284961700439453,-121.47312927246094,YUBA,UNINCORPORATED,-121.47549438476562,39.282085418701172
91389411,2021,2021-01-18,9285,2021-01-09,1755,020070,,6,2,9,5800,0,2,4,,2,025,"SR-65 SOUTHBOUND","FORTY MILE RD",5000.00,S,N,B,-,Y,,,65,,,,,,S,Y,4,0,1,2,A,-,03,22350,,F,C,C,A,A,H,-,D,D,0,,,,Y,Y,,A,07,0,0,1,0,0,0,0,0,0,"- ","- ",39.052158355712891,-121.49578094482422,YUBA,UNINCORPORATED,-121.49576568603516,39.052177429199219
91431781,2021,2021-03-22,9285,2021-03-12,2330,020106,,5,3,9,5800,0,3,5,,1,002,"SR-70 S/B TO EARLE RD","ERLE RD",6.00,N,N,A,-,Y,,,,,,,,,,N,4,0,1,2,A,-,10,21950,A,F,E,B,B,A,H,-,D,D,0,Y,,,,Y,,-,99,0,0,1,0,1,0,0,0,0,"- ","- ",39.113288879394531,-121.56047058105469,YUBA,UNINCORPORATED,-121.55814361572266,39.111732482910156
91596285,2021,2021-10-14,9285,2021-10-03,0621,018636,,7,1,9,5800,0,1,3,,1,062,SR-20,"LIBBY LN",250.00,E,N,A,-,Y,,,20,,,,,,,Y,1,1,2,2,A,-,05,21651,A,N,A,C,A,A,H,-,D,D,0,,,,,Y,,A,01,0,0,2,0,0,0,0,0,0,"- ","- ",39.230770111083984,-121.35896301269531,YUBA,UNINCORPORATED,-121.35888671875,39.231010437011719
91383355,2021,2021-01-07,9285,2021-01-03,2120,019223,,7,2,9,5800,0,2,4,,2,021,"FEATHER RIVER BLVD","ALGODON ROAD",1719.00,N,N,A,-,N,,,,,,,,,,Y,3,0,1,1,A,-,03,22350,,N,E,I,A,A,H,-,D,D,0,,,,,Y,,A,01,0,1,0,0,0,0,0,0,0,"- ","- ",39.011100769042969,-121.5784912109375,YUBA,UNINCORPORATED,-121.57843017578125,39.011093139648438
91484815,2021,2021-05-28,9285,2021-05-13,1830,019223,,4,2,9,5800,0,3,5,,1,004,"ERLE RD","LINDHURST AVE",0.00,,Y,A,-,N,,,,,,,,,,Y,4,0,1,2,A,-,12,21453,A,N,D,C,A,A,H,-,A,A,0,,,,,Y,,A,07,0,0,1,0,0,0,0,0,0,"- ","- ",39.113208770751953,-121.55834197998047,YUBA,UNINCORPORATED,-121.55839538574219,39.113262176513672
91443421,2021,2021-04-05,9285,2021-03-26,0720,018291,,5,1,9,5800,0,3,5,,1,002,"PLUMAS ARBOGA RD.","PLUMAS ST.",1600.00,S,N,A,-,N,,,,,,,,,,Y,3,0,1,1,A,-,03,22350,,N,F,I,A,A,H,-,A,D,0,,,,,Y,,J,43,0,1,0,0,0,0,0,0,0,"- ","- ",39.048858642578125,-121.5477294921875,YUBA,UNINCORPORATED,-121.57901763916016,39.054931640625
91612171,2021,2021-11-01,9285,2021-10-17,0225,018636,,7,3,9,5800,0,3,5,,1,004,"MCGOWAN PARKWAY","RANCHO ROAD",0.00,,Y,A,-,N,,,,,,,,,,Y,1,1,0,1,A,-,03,22350,,N,E,I,A,A,H,-,D,A,0,,,,,Y,,A,01,0,0,0,0,0,0,0,0,0,"- ","- ",39.077590942382812,-121.52377319335938,YUBA,UNINCORPORATED,-121.52464294433594,39.077613830566406
91609041,2021,2021-10-28,9285,2021-10-20,0745,017393,,3,1,9,5800,0,3,5,,1,006,"CHUCK YEAGER ROAD","LORETTA LN",948.00,S,N,B,-,N,,,,,,,,,,Y,2,0,2,2,A,-,05,21460,A,N,A,C,A,B,H,-,A,D,0,,,,,Y,,A,01,2,0,0,0,0,0,0,0,0,"- ","- ",39.178081512451172,-121.30721282958984,YUBA,UNINCORPORATED,-121.30717468261719,39.178127288818359
9222425,2021,2021-03-04,5802,2021-02-07,0232,1012,YUBA,7,5,1,5802,0,0,0,,0,,"RT 65","STATE ST",1320.00,S,N,A,-,Y,YUB,3,65,-,R,0.180,H,-,S,N,4,0,1,1,A,-,03,22350,,N,H,A,A,A,H,-,D,D,0,,,,,Y,,A,01,0,0,1,0,0,0,0,0,0,"- ","- ",,,YUBA,WHEATLAND,-121.41496276855469,39.004985809326172
91486426,2021,2021-06-01,9285,2021-05-22,1915,020454,,6,2,9,5800,0,3,5,,1,002,"MCGOWAN PKWY","GEORGE DR",75.00,W,N,A,-,N,,,,,,,,,,Y,4,0,1,2,A,-,03,22350,,N,C,C,A,A,H,-,A,D,0,,,,,Y,,A,01,0,0,1,0,0,0,0,0,0,"- ","- ",39.07720947265625,-121.54496765136719,YUBA,UNINCORPORATED,-121.54480743408203,39.077247619628906
91653314,2021,2021-12-15,9285,2021-12-10,0200,021012,,5,3,9,5800,0,3,5,,1,002,"FORTY MILE RD","ROSSER RD",3062.00,W,N,A,-,N,,,,,,,,,,Y,3,0,1,1,A,-,01,23152,A,N,E,I,A,A,H,-,D,D,0,,,,,Y,Y,A,01,0,1,0,0,0,0,0,0,0,"- ","- ",39.05426025390625,-121.51503753662109,YUBA,UNINCORPORATED,-121.51506805419922,39.062709808349609
91474127,2021,2021-05-17,9285,2021-02-23,0458,019830,,2,3,9,5800,0,2,4,,1,042,"HAMMONTON SMARTSVILLE RD","HAPPY ST",250.00,E,N,A,-,N,,,,,,,,,,Y,1,1,2,2,A,-,01,23152,F,N,A,C,A,A,H,-,D,D,0,,,,,Y,,A,07,2,0,0,0,0,0,0,0,0,"- ","- ",39.135410308837891,-121.54216003417969,YUBA,UNINCORPORATED,-121.54219055175781,39.135387420654297
91567765,2021,2021-09-10,9285,2021-08-27,1250,015976,,5,1,9,5800,0,3,5,,1,004,"POWERLINE RD","9TH AVE",0.00,,Y,F,-,N,,,,,,,,,,N,4,0,1,2,A,-,09,21802,A,N,D,C,A,A,H,-,A,A,0,,,,,Y,,D,22,0,0,1,0,0,0,0,0,0,"- ","- ",39.091468811035156,-121.54245758056641,YUBA,UNINCORPORATED,-121.54247283935547,39.091445922851562
91612441,2021,2021-11-01,9285,2021-10-25,1114,018636,,1,1,9,5800,0,2,4,,2,025,SR-65,"S. BEALE ROAD",0.00,,Y,B,-,Y,,,65,,,,,,,Y,4,0,1,2,A,-,09,21802,A,N,D,C,A,A,H,-,A,A,0,,,,,Y,,A,01,0,0,1,0,0,0,0,0,0,"- ","- ",39.040760040283203,-121.47158050537109,YUBA,UNINCORPORATED,-121.47160339355469,39.040729522705078
91624581,2021,2021-11-15,9285,2021-11-02,0758,017393,,2,1,9,5800,0,2,4,,1,041,"NORTH BEALE ROAD","FEATHER RIVER BOULEVARD",2112.00,N,N,B,-,N,,,,,,,,,,N,4,0,1,4,A,-,03,22350,,N,C,C,A,B,H,-,A,D,0,,,,,Y,,D,22,0,0,1,0,0,0,0,0,0,"- ","- ",39.12799072265625,-121.58207702636719,YUBA,UNINCORPORATED,-121.58247375488281,39.128139495849609
91723337,2021,2022-03-15,9285,2021-10-12,0700,017393,,2,1,9,5800,0,2,4,,1,042,"HAMMONTON SMARTVILLE RD","LAUGHLIN ROAD",3168.00,W,N,A,-,N,,,,,,,,,,Y,1,1,1,2,A,-,08,22107,,N,A,C,A,A,H,-,A,D,0,,,,,Y,,A,01,0,0,1,0,0,0,0,0,0,"- ","- ",39.176761627197266,-121.40141296386719,YUBA,UNINCORPORATED,,
91420108,2021,2021-03-03,9285,2021-02-21,1153,018291,,7,1,9,5800,0,2,4,,1,042,"HAMMONTON SMARTVILLE RD","S. GOLDEN PKWY",432.00,W,N,A,-,N,,,,,,,,,,Y,1,1,0,1,A,-,03,22350,,N,F,I,A,A,H,-,A,D,0,,,Y,,Y,,C,02,0,0,0,0,0,0,0,1,0,"- ","- ",39.198440551757812,-121.31784820556641,YUBA,UNINCORPORATED,-121.31761932373047,39.198493957519531