CASE_ID,ACCIDENT_YEAR,PROC_DATE,JURIS,COLLISION_DATE,COLLISION_TIME,OFFICER_ID,REPORTING_DISTRICT,DAY_OF_WEEK,CHP_SHIFT,POPULATION,CNTY_CITY_LOC,SPECIAL_COND,BEAT_TYPE,CHP_BEAT_TYPE,CITY_DIVISION_LAPD,CHP_BEAT_CLASS,BEAT_NUMBER,PRIMARY_RD,SECONDARY_RD,DISTANCE,DIRECTION,INTERSECTION,WEATHER_1,WEATHER_2,STATE_HWY_IND,CALTRANS_COUNTY,CALTRANS_DISTRICT,STATE_ROUTE,ROUTE_SUFFIX,POSTMILE_PREFIX,POSTMILE,LOCATION_TYPE,RAMP_INTERSECTION,SIDE_OF_HWY,TOW_AWAY,COLLISION_SEVERITY,NUMBER_KILLED,NUMBER_INJURED,PARTY_COUNT,PRIMARY_COLL_FACTOR,PCF_CODE_OF_VIOL,PCF_VIOL_CATEGORY,PCF_VIOLATION,PCF_VIOL_SUBSECTION,HIT_AND_RUN,TYPE_OF_COLLISION,MVIW,PED_ACTION,ROAD_SURFACE,ROAD_COND_1,ROAD_COND_2,LIGHTING,CONTROL_DEVICE,CHP_ROAD_TYPE,PEDESTRIAN_ACCIDENT,BICYCLE_ACCIDENT,MOTORCYCLE_ACCIDENT,TRUCK_ACCIDENT,NOT_PRIVATE_PROPERTY,ALCOHOL_INVOLVED,STWD_VEHTYPE_AT_FAULT,CHP_VEHTYPE_AT_FAULT,COUNT_SEVERE_INJ,COUNT_VISIBLE_INJ,COUNT_COMPLAINT_PAIN,COUNT_PED_KILLED,COUNT_PED_INJURED,COUNT_BICYCLIST_KILLED,COUNT_BICYCLIST_INJURED,COUNT_MC_KILLED,COUNT_MC_INJURED,PRIMARY_RAMP,SECONDARY_RAMP,LATITUDE,LONGITUDE,COUNTY,CITY,POINT_X,POINT_Y
91666745,2021,2021-12-30,9285,2021-12-18,0455,019223,,6,3,9,5800,0,2,4,,2,081,"WILLOW GLEN RD","PINE RIDGE DR",197.00,S,N,E,-,N,,,,,,,,,,Y,3,0,1,1,A,-,03,22350,,N,E,I,A,C,H,-,D,D,0,,,,,Y,,A,01,0,1,0,0,0,0,0,0,0,"- ","- ",39.408439636230469,-121.30825805664062,YUBA,UNINCORPORATED,,
91394568,2021,2021-01-26,9285,2021-01-14,0637,015491,,4,1,9,5800,0,3,5,,1,002,"FORTY MILE ROAD","OF RANCHO ROAD",390.00,S,N,E,-,N,,,,,,,,,,N,2,0,1,2,A,-,11,21956,,N,G,B,E,B,H,-,D,D,0,Y,,,,Y,Y,N,60,1,0,0,0,1,0,0,0,0,"- ","- ",39.067928314208984,-121.51274871826172,YUBA,UNINCORPORATED,-121.51232147216797,39.068778991699219
91398500,2021,2021-01-29,9285,2021-01-22,0900,017393,,5,1,9,5800,0,2,4,,2,081,"MARYSVILLE ROAD","COLLINS LAKE ROAD",1094.00,N,N,C,-,N,,,,,,,,,,Y,3,0,1,1,C,-,18,,,N,E,J,A,B,H,-,A,D,0,,,,,Y,,-,"- ",0,1,0,0,0,0,0,0,0,"- ","- ",39.345199584960938,-121.33293151855469,YUBA,UNINCORPORATED,-121.33277130126953,39.345211029052734
91401690,2021,2021-02-03,9285,2021-01-28,2330,021920,,4,3,9,5800,0,3,5,,1,002,"GOLDEN GATE DR","BRIDGEPORT WAY",23.00,N,N,C,-,N,,,,,,,,,,N,4,0,1,1,A,-,01,23152,A,M,E,I,A,B,H,-,E,D,0,,,,,Y,,A,01,0,0,1,0,0,0,0,0,0,"- ","- ",39.012691497802734,-121.54905700683594,YUBA,UNINCORPORATED,-121.54884338378906,39.015731811523438
91407110,2021,2021-03-03,9285,2021-02-08,2010,018475,,1,2,9,5800,0,2,4,,1,041,"N. BEALE RD","FEATHER RIVER BLVD",400.00,S,N,A,-,N,,,,,,,,,,N,4,0,1,2,A,-,07,21658,A,N,C,C,A,A,H,-,C,D,0,,,,,Y,,A,07,0,0,1,0,0,0,0,0,0,"- ","- ",39.125450134277344,-121.57436370849609,YUBA,UNINCORPORATED,-121.57438659667969,39.125453948974609
91418258,2021,2021-03-01,9285,2021-02-20,1230,018291,,6,1,9,5800,0,3,5,,1,004,"HAMMONTON RD.","HAMMONTON SMARTVILLE RD.",10560.00,N,N,A,-,N,,,,,,,,,,N,3,0,1,1,A,-,03,22350,,N,F,A,A,A,G,-,A,D,0,,,Y,,Y,,C,02,0,1,0,0,0,0,0,0,1,"- ","- ",39.213611602783203,-121.39801788330078,YUBA,UNINCORPORATED,-121.56638336181641,39.122001647949219
91422475,2021,2021-03-08,9285,2021-03-02,1340,016052,,2,1,9,5800,0,1,3,,1,060,SR-70,"WOODRUFF LN",415.00,S,N,A,-,Y,,,70,,,,,,,N,4,0,1,2,A,-,03,22350,,N,C,C,A,A,H,-,A,D,0,,,,Y,Y,,A,07,0,0,1,0,0,0,0,0,0,"- ","- ",39.218070983886719,-121.60090637207031,YUBA,UNINCORPORATED,-121.6009521484375,39.218051910400391
91431891,2021,2021-03-22,9285,2021-03-13,2032,019223,,6,2,9,5800,0,3,5,,1,002,"MCGOWAN PKWY","GEORGE AVE",190.00,E,N,A,-,N,,,,,,,,,,Y,4,0,1,1,A,-,08,22107,,M,E,I,A,A,H,-,C,D,0,,,,,Y,Y,A,01,0,0,1,0,0,0,0,0,0,"- ","- ",39.07733154296875,-121.54385375976562,YUBA,UNINCORPORATED,-121.54386901855469,39.077266693115234
91444270,2021,2021-04-06,9285,2021-03-29,1850,020096,,1,2,9,5800,0,2,4,,1,041,"NORTH BEALE ROAD","PARK AVE",0.00,,Y,A,-,N,,,,,,,,,,Y,4,0,1,2,A,-,09,21801,A,N,D,C,A,A,H,-,A,D,0,,,,,Y,,A,01,0,0,1,0,0,0,0,0,0,"- ","- ",39.127628326416016,-121.55863189697266,YUBA,UNINCORPORATED,-121.55850219726562,39.1275634765625
91450459,2021,2021-04-14,9285,2021-04-10,1938,018986,,6,2,9,5800,0,3,5,,1,006,"MATHEWS LN","WOODRUFF LN",940.00,N,N,A,-,N,,,,,,,,,,Y,3,0,1,1,A,-,01,23152,A,N,F,A,A,A,H,-,B,D,0,,,,,Y,Y,A,07,0,1,0,0,0,0,0,0,0,"- ","- ",39.21697998046875,-121.54341125488281,YUBA,UNINCORPORATED,-121.54351806640625,39.216941833496094
91453907,2021,2021-04-20,9285,2021-04-12,1135,019085,,1,1,9,5800,0,3,5,,1,002,"7TH AVENUE","FLEMING WAY",10.00,E,N,A,-,N,,,,,,,,,,Y,4,0,1,1,A,-,12,22450,A,N,E,I,A,A,H,-,A,A,0,,,,,Y,,A,01,0,0,1,0,0,0,0,0,0,"- ","- ",39.095268249511719,-121.54676055908203,YUBA,UNINCORPORATED,-121.54684448242188,39.095188140869141
91454941,2021,2021-05-04,9285,2021-04-14,0449,020096,,3,3,9,5800,0,1,3,,1,020,SR-70,"SR-65 S/B",50.00,S,N,A,-,Y,,,70,,,,,,,Y,4,0,1,1,A,-,08,22107,,N,F,A,A,A,H,-,C,D,0,,,,,Y,,D,22,0,0,1,0,0,0,0,0,0,"- ","- ",39.090869903564453,-121.54042816162109,YUBA,UNINCORPORATED,-121.54035949707031,39.090877532958984
91457119,2021,2021-04-23,9285,2021-04-17,2345,020454,,6,3,9,5800,0,3,5,,1,004,"SIMPSON DANTONI RD","SIMPSON LN",70.00,E,N,A,-,N,,,,,,,,,,Y,4,0,2,3,A,-,03,22350,,N,C,C,A,A,H,-,D,A,0,,,,,Y,Y,A,01,0,0,2,0,0,0,0,0,0,"- ","- ",39.135520935058594,-121.55196380615234,YUBA,UNINCORPORATED,-121.55221557617188,39.13555908203125
91458031,2021,2021-04-26,9285,2021-04-18,1550,021920,,7,2,9,5800,0,3,5,,1,002,"LINDHURST AVE","ERLE RD",209.00,S,N,A,-,N,,,,,,,,,,Y,4,0,1,2,A,-,01,23152,A,N,C,C,A,A,H,-,A,D,0,,,,,Y,Y,A,01,0,0,1,0,0,0,0,0,0,"- ","- ",39.112651824951172,-121.55783081054688,YUBA,UNINCORPORATED,-121.5579833984375,39.112781524658203
91469537,2021,2021-05-27,9285,2021-05-03,2027,018561,,1,2,9,5800,0,1,3,,1,060,SR-70,"RAMIREZ RD",340.00,N,N,A,-,Y,,,70,,,,,,,Y,3,0,1,2,A,-,05,21460,B,N,B,C,A,A,H,-,B,D,0,,,,,Y,,A,07,0,1,0,0,0,0,0,0,0,"- ","- ",39.265499114990234,-121.59710693359375,YUBA,UNINCORPORATED,-121.59713745117188,39.265506744384766
91475364,2021,2021-05-27,9285,2021-05-07,0225,018636,,5,3,9,5800,0,1,3,,1,020,SR-70,"MCGOWAN PKY",3341.00,N,N,A,-,Y,,,70,,,,,,,Y,1,1,0,2,A,-,00,21960,A,N,G,B,E,A,H,-,D,D,0,Y,,,,Y,,N,60,0,0,0,1,0,0,0,0,0,"- ","- ",39.086528778076172,-121.54183959960938,YUBA,UNINCORPORATED,-121.54188537597656,39.086536407470703
91487365,2021,2021-06-02,9285,2021-05-23,2010,018986,,7,2,9,5800,0,3,5,,1,004,"GRIFFITH AVE","N BEALE ROAD",517.00,N,N,A,-,N,,,,,,,,,,Y,3,0,3,2,A,-,01,23152,A,M,A,C,A,A,H,-,A,D,0,,,,,Y,Y,A,01,0,1,2,0,0,0,0,0,0,"- ","- ",39.129711151123047,-121.52365112304688,YUBA,UNINCORPORATED,-121.52362823486328,39.129650115966797
91487404,2021,2021-06-02,9285,2021-05-28,1850,020454,,5,2,9,5800,0,3,5,,1,002,"MCGOWAN PKY","ARDMORE AVE",0.00,,Y,A,-,N,,,,,,,,,,Y,4,0,2,2,A,-,01,23152,A,N,D,C,A,A,H,-,A,A,0,,,,,Y,Y,A,01,0,0,2,0,0,0,0,0,0,"- ","- ",39.077178955078125,-121.54950714111328,YUBA,UNINCORPORATED,-121.549560546875,39.077171325683594
91488414,2021,2021-06-03,9285,2021-05-21,1317,015976,,5,1,9,5800,0,2,4,,1,041,"NORTH BEALE RD.","LINDHURST AVE.",340.00,E,N,B,-,N,,,,,,,,,,Y,3,0,2,2,A,-,07,21658,A,N,B,C,A,A,H,-,A,D,0,,,,,Y,,A,08,0,1,1,0,0,0,0,0,0,"- ","- ",39.125308990478516,-121.57013702392578,YUBA,UNINCORPORATED,-121.57058715820312,39.125114440917969
91492370,2021,2021-06-08,9285,2021-05-30,1720,021920,,7,2,9,5800,0,2,4,,1,022,"CHESNUT RD","FIR RD",112.00,S,N,A,-,N,,,,,,,,,,N,3,0,2,2,A,-,08,22107,,N,C,G,A,A,H,-,A,D,0,,Y,Y,,Y,,C,02,0,2,0,0,0,0,1,0,1,"- ","- ",39.112068176269531,-121.56049346923828,YUBA,UNINCORPORATED,-121.56089019775391,39.112018585205078
91494123,2021,2021-06-10,9285,2021-06-05,2000,020454,,6,2,9,5800,0,3,5,,1,002,"WESTERN AVE","3RD AVENUE",0.00,,Y,A,-,N,,,,,,,,,,Y,3,0,1,2,A,-,01,23152,A,N,D,C,A,A,H,-,A,A,0,,,,,Y,Y,A,01,0,1,0,0,0,0,0,0,0,"- ","- ",39.102611541748047,-121.55603790283203,YUBA,UNINCORPORATED,-121.55606079101562,39.102642059326172
91496007,2021,2021-06-14,9285,2021-06-02,1535,019223,,3,2,9,5800,0,3,5,,1,002,"ELLA AVE","LAUREL AVE",0.00,,Y,A,-,N,,,,,,,,,,Y,4,0,1,2,A,-,09,21802,A,N,D,C,A,A,H,-,A,D,0,,,,,Y,,A,07,0,0,1,0,0,0,0,0,0,"- ","- ",39.069431304931641,-121.57534027099609,YUBA,UNINCORPORATED,-121.57530212402344,39.06939697265625
91496074,2021,2021-06-14,9285,2021-06-04,0025,021025,,5,3,9,5800,0,3,5,,1,002,"FEATHER RIVER BLVD","COUNTY ROAD 512",3300.00,N,N,A,-,N,,,,,,,,,,N,4,0,1,1,A,-,08,22107,,N,E,I,A,A,H,-,D,D,0,,,,,Y,,A,07,0,0,1,0,0,0,0,0,0,"- ","- ",38.971538543701172,-121.56746673583984,YUBA,UNINCORPORATED,-121.54843139648438,38.977825164794922
91496637,2021,2021-06-14,9285,2021-06-04,1325,018291,,5,1,9,5800,0,1,3,,1,020,"SR-70 (N/B)","FEATHER RIVER BLVD",1000.00,S,N,A,-,Y,,,70,,,,,,,Y,3,0,1,1,A,-,08,22107,,N,E,I,A,A,H,-,A,D,0,,,,,Y,,D,22,0,1,0,0,0,0,0,0,0,"- ","- ",39.122081756591797,-121.57286834716797,YUBA,UNINCORPORATED,-121.57290649414062,39.122016906738281
91499461,2021,2021-06-17,9285,2021-06-04,2148,021460,,5,2,9,5800,0,3,5,,1,006,"RAMIREZ RD","FRUITLAND RD",3960.00,N,N,A,-,N,,,,,,,,,,Y,3,0,1,1,A,-,01,23152,A,N,E,I,A,A,H,-,D,A,0,,,,,Y,Y,A,01,0,1,0,0,0,0,0,0,0,"- ","- ",39.304710388183594,-121.51451110839844,YUBA,UNINCORPORATED,-121.51458740234375,39.304508209228516
91506544,2021,2021-09-01,9285,2021-06-21,1530,018986,,1,2,9,5800,0,1,3,,1,062,SR-20,"MARYSVILLE ROAD",0.00,,Y,A,-,Y,,,20,,,,,,,Y,4,0,1,2,A,-,09,21801,A,N,D,C,A,A,H,-,A,D,0,,,,,Y,,M,47,0,0,1,0,0,0,0,0,0,"- ","- ",39.227951049804688,-121.41400909423828,YUBA,UNINCORPORATED,-121.41399383544922,39.227901458740234
91507779,2021,2021-06-28,9285,2021-06-20,2005,020454,,7,2,9,5800,0,3,5,,1,002,"COUNTRY CLUB RD","FEATHER RIVER BLVD",3658.00,W,N,A,-,N,,,,,,,,,,Y,3,0,1,1,C,-,18,,,N,H,A,A,A,H,-,A,A,0,,,,,Y,Y,-,"- ",0,1,0,0,0,0,0,0,0,"- ","- ",39.033119201660156,-121.59185028076172,YUBA,UNINCORPORATED,-121.59175872802734,39.033184051513672
91508635,2021,2021-06-29,9285,2021-06-25,1630,018475,,5,2,9,5800,0,2,4,,1,022,"7TH AVENUE","WESTERN AVE",0.00,,Y,A,-,N,,,,,,,,,,N,4,0,1,2,A,-,09,21801,B,N,D,C,A,A,H,-,A,A,0,,,,,Y,,A,01,0,0,1,0,0,0,0,0,0,"- ","- ",39.095268249511719,-121.55618286132812,YUBA,UNINCORPORATED,-121.55622863769531,39.095378875732422
91518047,2021,2021-07-12,9285,2021-07-02,2239,021025,,5,3,9,5800,0,3,5,,1,002,"ELLA AVE","LAUREL WAY",950.00,E,N,A,-,N,,,,,,,,,,Y,3,0,1,1,A,-,01,23152,A,N,E,I,A,A,H,-,D,D,0,,,,,Y,Y,D,22,0,1,0,0,0,0,0,0,0,"- ","- ",39.069469451904297,-121.57186889648438,YUBA,UNINCORPORATED,-121.57195281982422,39.069477081298828
91518088,2021,2021-07-12,9285,2021-07-02,1838,020454,,5,2,9,5800,0,2,4,,1,041,"N. BEALE RD",AVONDALE,650.00,E,N,A,-,N,,,,,,,,,,N,2,0,2,2,A,-,08,22107,,N,D,G,A,A,H,-,A,D,0,,Y,,,Y,,L,04,1,0,1,0,0,0,1,0,0,"- ","- ",39.126869201660156,-121.56475830078125,YUBA,UNINCORPORATED,-121.56510162353516,39.126792907714844
91519300,2021,2021-07-13,9285,2021-07-07,0527,021460,,3,3,9,5800,0,1,3,,1,020,"SR-70 N/B TO LINDHURST AVE.","ERLE RD",840.00,S,N,A,-,Y,,,,,,,,,,Y,4,0,1,1,A,-,03,22350,,N,E,I,A,A,H,-,A,A,0,,,,,Y,,A,07,0,0,1,0,0,0,0,0,0,"- ","- ",39.111408233642578,-121.5570068359375,YUBA,UNINCORPORATED,-121.55752563476562,39.111278533935547
91524298,2021,2021-07-20,9285,2021-07-09,2338,021460,,5,3,9,5800,0,3,5,,1,002,"ARBOGA RD","FURNEAUX RD",445.00,S,N,A,-,N,,,,,,,,,,Y,4,0,1,1,A,-,01,23152,A,M,E,I,A,A,H,-,C,A,0,,,,,Y,Y,A,01,0,0,1,0,0,0,0,0,0,"- ","- ",39.106040954589844,-121.56082153320312,YUBA,UNINCORPORATED,-121.56083679199219,39.106048583984375
91529783,2021,2021-07-27,9230,2021-07-17,1155,018107,,6,1,9,5800,0,3,5,,2,080,"MARYSVILLE ROAD","VISTA POINT ROAD",2640.00,W,N,A,-,N,,,,,,,,,,N,3,0,1,1,A,-,08,22107,,N,F,A,A,A,H,-,A,D,0,,,Y,,Y,,C,02,0,1,0,0,0,0,0,0,1,"- ","- ",39.390499114990234,-121.13594055175781,YUBA,UNINCORPORATED,-121.13137054443359,39.396919250488281
91535698,2021,2021-08-03,9285,2021-07-26,1730,018291,,1,2,9,5800,0,3,5,,1,004,"ERLE RD.","LINDHURST AVE",400.00,W,N,A,-,N,,,,,,,,,,Y,4,0,1,2,A,-,03,22350,,N,C,C,A,A,H,-,A,D,0,,,,,Y,,A,01,0,0,1,0,0,0,0,0,0,"- ","- ",39.113170623779297,-121.56006622314453,YUBA,UNINCORPORATED,-121.55979919433594,39.11322021484375
91540101,2021,2021-08-09,9285,2021-08-03,1125,015491,,2,1,9,5800,0,3,5,,1,002,"CAMP FAR WEST","WITCHITA WAY",1690.00,W,N,A,-,N,,,,,,,,,,Y,3,0,1,1,A,-,08,22107,,N,F,I,A,A,H,-,A,D,0,,,,,Y,,A,01,0,1,0,0,0,0,0,0,0,"- ","- ",39.065299987792969,-121.30933380126953,YUBA,UNINCORPORATED,-121.30918121337891,39.06524658203125
91550223,2021,2021-08-20,9285,2021-08-16,1555,019085,,1,2,9,5800,0,1,3,,1,020,SR-70,"FEATHER RIVER BLVD",260.00,S,N,A,-,Y,,,70,,,,,,,N,3,0,1,2,A,-,21,22106,,N,C,C,A,A,H,-,A,D,0,,,,,Y,,A,01,0,1,0,0,0,0,0,0,0,"- ","- ",39.124038696289062,-121.57624816894531,YUBA,UNINCORPORATED,-121.57625579833984,39.124034881591797
91552735,2021,2021-08-24,9285,2021-07-21,2255,019830,,3,3,9,5800,0,1,3,,1,020,SR-70,"N. BEALE ROAD",1762.00,N,N,A,-,Y,,,70,,,,,,,N,2,0,1,2,A,-,00,21461,,N,G,B,E,A,H,-,D,D,0,Y,,,,Y,,N,60,1,0,0,0,1,0,0,0,0,"- ","- ",39.129440307617188,-121.58535003662109,YUBA,UNINCORPORATED,-121.58535766601562,39.129428863525391
91560268,2021,2021-11-02,9285,2021-08-22,2210,020096,,7,3,9,5800,0,3,5,,1,008,"OLIVEHURST AVENUE","11TH AVENUE",0.00,,Y,A,-,N,,,,,,,,,,Y,2,0,2,2,A,-,12,22450,A,F,D,C,A,A,H,-,C,A,0,,,,,Y,Y,-,"- ",1,1,0,0,0,0,0,0,0,"- ","- ",39.088340759277344,-121.5518798828125,YUBA,UNINCORPORATED,-121.55184173583984,39.088016510009766
91595619,2021,2021-10-13,9285,2021-10-04,2028,018986,,1,2,9,5800,0,2,4,,2,021,"FEATHER RIVER BLVD","ALICIA AVE",450.00,E,N,A,-,N,,,,,,,,,,Y,4,0,1,2,A,-,08,22107,,N,B,C,A,A,H,-,C,D,0,,,,,Y,,A,01,0,0,1,0,0,0,0,0,0,"- ","- ",39.121101379394531,-121.58074188232422,YUBA,UNINCORPORATED,-121.58069610595703,39.121028900146484
91600437,2021,2021-10-19,9285,2021-10-12,1105,016052,,2,1,9,5800,0,3,5,,1,004,"ERLE ROAD","3007 ERLE ROAD DRIVEWAY",228.00,S,N,A,-,N,,,,,,,,,,Y,4,0,1,1,A,-,08,22107,,N,F,A,A,A,H,-,A,D,0,,,,,Y,,A,07,0,0,1,0,0,0,0,0,0,"- ","- ",39.108188629150391,-121.50466156005859,YUBA,UNINCORPORATED,,
91602556,2021,2021-10-21,9285,2021-10-15,0025,020454,,5,3,9,5800,0,3,5,,1,008,"RICES CROSSING RD","CITRON WAY",514.00,S,N,A,-,N,,,,,,,,,,Y,3,0,1,1,A,-,08,22107,,N,E,I,A,A,H,-,D,D,0,,,,,Y,,A,01,0,1,0,0,0,0,0,0,0,"- ","- ",39.3408203125,-121.26701354980469,YUBA,UNINCORPORATED,-121.26730346679688,39.341014862060547
91603006,2021,2021-10-21,9285,2021-10-14,1205,018291,,4,1,9,5800,0,2,4,,1,022,"MCGOWAN PKWY","POWERLINE RD.",0.00,,Y,A,-,N,,,,,,,,,,Y,3,0,1,2,A,-,12,22450,A,N,D,C,A,A,H,-,A,A,0,,,,,Y,,A,01,0,1,0,0,0,0,0,0,0,"- ","- ",39.077278137207031,-121.54282379150391,YUBA,UNINCORPORATED,-121.54280853271484,39.077278137207031
91604845,2021,2021-10-25,9285,2021-10-16,1010,018291,,6,1,9,5800,0,2,4,,2,025,SR-65,"DRY CREEK LEVEE RD",1000.00,S,N,A,-,Y,,,65,,,,,,,Y,3,0,1,2,A,-,03,22350,,N,C,C,A,A,H,-,A,D,0,,,,,Y,,A,01,0,1,0,0,0,0,0,0,0,"- ","- ",39.020500183105469,-121.44164276123047,YUBA,UNINCORPORATED,-121.441650390625,39.020484924316406
91604854,2021,2021-10-25,9285,2021-10-16,1140,018291,,6,1,9,5800,0,1,3,,1,020,"SR-70 (N/B)","N. BEALE RD.",1000.00,S,N,A,-,Y,,,70,,,,,,,Y,3,0,2,2,A,-,03,22350,,N,C,C,A,A,H,-,A,D,0,,,,,Y,,A,01,0,2,0,0,0,0,0,0,0,"- ","- ",39.12725830078125,-121.58159637451172,YUBA,UNINCORPORATED,-121.58158874511719,39.127277374267578
91640162,2021,2021-12-01,9285,2021-11-19,1700,020507,,5,2,9,5800,0,3,5,,1,002,"PLUMAS ARBOGA RD","FORTY MILE RD",0.00,,Y,A,-,N,,,,,,,,,,Y,3,0,2,2,A,-,09,21801,A,N,D,C,A,A,H,-,D,D,0,,,,,Y,,A,01,0,2,0,0,0,0,0,0,0,"- ","- ",39.030101776123047,-121.51583862304688,YUBA,UNINCORPORATED,-121.51586151123047,39.030101776123047
91645735,2021,2021-12-07,9285,2021-11-27,1145,020096,,6,1,9,5800,0,1,3,,1,060,SR-70,"CHANDLER RD",2376.00,N,N,A,-,N,,,,,,,,,,Y,4,0,1,1,C,-,18,,,N,E,H,A,A,H,-,A,D,0,,,,,Y,,-,"- ",0,0,1,0,0,0,0,0,0,"- ","- ",39.175540924072266,-121.35421752929688,YUBA,UNINCORPORATED,-121.59503936767578,39.29852294921875
91650793,2021,2021-12-13,9285,2021-11-06,1545,020507,,6,2,9,5800,0,3,5,,1,004,"EDGEWATER CIRCLE","BAYWOOD WAY",198.00,E,N,B,-,N,,,,,,,,,,N,1,1,0,1,A,-,08,22107,,M,E,I,A,B,H,-,A,D,0,,,Y,,Y,,C,02,0,0,0,0,0,0,0,1,0,"- ","- ",39.117691040039062,-121.54638671875,YUBA,UNINCORPORATED,-121.54640960693359,39.117630004882812
91656406,2021,2021-12-20,9285,2021-12-12,2350,021920,,7,3,9,5800,0,2,4,,1,022,"ARBOGA RD","MCGOWAN PKY",145.00,S,N,A,-,N,,,,,,,,,,N,3,0,1,1,A,-,08,22107,,N,E,I,A,A,H,-,C,D,0,,,Y,,Y,,C,02,0,1,0,0,0,0,0,0,1,"- ","- ",39.010269165039062,-121.56156921386719,YUBA,UNINCORPORATED,-121.56136322021484,39.076602935791016
91677387,2021,2022-01-13,9285,2021-12-12,1423,018986,,7,2,9,5800,0,1,3,,1,020,"SR-70 N/B","MCGOWAN PRKY",5966.00,S,N,C,G,Y,,,,,,,,,,Y,1,1,2,1,A,-,03,22350,,N,E,I,A,B,H,-,A,D,0,,,,,Y,Y,A,07,0,2,0,0,0,0,0,0,0,"- ","- ",39.061191558837891,-121.54319763183594,YUBA,UNINCORPORATED,-121.54142761230469,39.065475463867188
9240893,2021,2021-04-07,5801,2021-03-11,2353,318,YUBAC,4,5,3,5801,0,0,0,,0,5801,"COVILLAUD PL","COVILLAUD ST",192.00,W,N,A,-,N,,,,,,,,,,Y,4,0,1,3,B,-,22,,,N,D,C,A,A,H,-,C,D,0,,,,,Y,,A,07,0,0,1,0,0,0,0,0,0,"- ","- ",,,YUBA,MARYSVILLE,-121.57939147949219,39.164451599121094
9242681,2021,2021-04-19,5801,2021-03-28,0153,329,,7,5,3,5801,0,0,0,,0,,"SIMPSON LN","POWER POLE #7-149",187.00,N,N,A,-,N,,,,,,,,,,Y,3,0,1,1,A,-,03,22350,,N,F,A,A,A,H,-,D,D,0,,,,,Y,Y,D,22,0,1,0,0,0,0,0,0,0,"- ","- ",,,YUBA,MARYSVILLE,,
9261677,2021,2021-05-10,5801,2021-04-04,1326,328,,7,5,3,5801,0,0,0,,0,,"B ST","EAST 18TH ST",0.00,,Y,A,-,N,,,,,,,,,,N,4,0,1,2,A,-,03,22350,,N,C,C,A,A,H,-,A,A,0,,,,,Y,,D,22,0,0,1,0,0,0,0,0,0,"- ","- ",,,YUBA,MARYSVILLE,-121.58803558349609,39.155101776123047
9378849,2021,2021-12-23,5801,2021-12-09,1653,P217,,4,5,3,5801,0,0,0,,0,,"E ST","4TH ST",0.00,,Y,A,-,Y,YUB,3,70,-,-,14.325,I,5,W,Y,4,0,1,2,A,-,09,21801,,N,A,C,A,A,H,-,B,A,0,,,,,Y,,A,07,0,0,1,0,0,0,0,0,0,"- ","- ",,,YUBA,MARYSVILLE,-121.59046936035156,39.139095306396484
9379219,2021,2022-01-12,5801,2021-12-14,1431,313,YUBAS,2,5,3,5801,0,0,0,,0,,"14TH ST","D ST",0.00,,Y,A,-,N,,,,,,,,,,Y,4,0,1,2,A,-,09,21801,,N,D,C,A,A,H,-,A,-,0,,,,,Y,,A,01,0,0,1,0,0,0,0,0,0,"- ","- ",,,YUBA,MARYSVILLE,-121.59049987792969,39.150394439697266